country,iso_a3,population_2020,point_exposed_population_100km,point_exposed_share_of_country,point_exposed_cells_100km,admin_exposed_population,admin_exposed_share_of_country,admin_exposed_cells,union_exposed_population,union_exposed_share_of_country,union_exposed_cells,case_records_total,case_count_total,point_surface_records,point_surface_count,point_unique_locations,admin_candidate_records,admin_candidate_count,admin_matched_records,admin_matched_count,admin_unmatched_records,admin_ambiguous_records,admin_unique_labels,admin_matched_labels,records_not_surfaced,mean_confidence,sources,created_at_utc,exposure_json_sha256,case_panel_sha256,locations_csv_sha256,admin_matches_csv_sha256,point_surface_sha256,admin_surface_sha256,country_boundaries_sha256
China,CHN,1418159303.7866898,104908299.86985534,0.07397497558259855,263992.0,1047779727.7230619,0.7388307681128199,7176188.0,1050795489.0943754,0.740957300275505,7187306.0,2581.0,2581.0,41.0,41.0,11.0,570.0,570.0,478.0,478.0,92.0,0.0,44.0,27.0,2062.0,0.3603254552499031,"genbank_biosample,genbank_nuccore",2026-05-14T20:06:33Z,624b94488266d3215f02635aa4a8c389118991810bfacb2806a1b71e6f1722f9,e56c94395e212c577036af0c3acea5e2b4c4c1b9b18cf35c56c534a38c612656,157e568c1214c031894fa0cb1f540966b0bd59e4df9f629778a6bfd2e725ee09,7599fd9b747484d48a7d6a5d7c770a93aff83e95a7f4f864af32559c7441492f,19352cd97aa1be8f5964222ec8623460119c66faad066b94d8177d9a5d80502e,47d8070d5f0772bfbb329edf796a10e4fd914d1e31d953e0d824f8c1978c644d,0f243aeac8ac6cf26f0417285b0bd33ac47f1b5bdb719fd3e0df37d03ea37110
Indonesia,IDN,241471700.8222314,66064400.96898611,0.27359065573328584,37166.0,5298.536010487005,2.1942678965879004e-05,1247.0,66069699.5049966,0.2736125984122517,38413.0,33.0,33.0,2.0,2.0,2.0,30.0,30.0,0.0,0.0,30.0,0.0,2.0,0.0,31.0,0.3893939393939394,genbank_nuccore,2026-05-14T20:06:33Z,624b94488266d3215f02635aa4a8c389118991810bfacb2806a1b71e6f1722f9,e56c94395e212c577036af0c3acea5e2b4c4c1b9b18cf35c56c534a38c612656,157e568c1214c031894fa0cb1f540966b0bd59e4df9f629778a6bfd2e725ee09,7599fd9b747484d48a7d6a5d7c770a93aff83e95a7f4f864af32559c7441492f,19352cd97aa1be8f5964222ec8623460119c66faad066b94d8177d9a5d80502e,47d8070d5f0772bfbb329edf796a10e4fd914d1e31d953e0d824f8c1978c644d,0f243aeac8ac6cf26f0417285b0bd33ac47f1b5bdb719fd3e0df37d03ea37110
Russia,RUS,146789691.32765082,33006164.971608724,0.22485342583039647,515548.0,47762807.4542217,0.3253825730010552,6143216.0,73075752.19229975,0.4978261860990401,6370056.0,966.0,966.0,122.0,122.0,45.0,717.0,717.0,604.0,604.0,68.0,45.0,61.0,40.0,240.0,0.4320910973084886,genbank_nuccore,2026-05-14T20:06:33Z,624b94488266d3215f02635aa4a8c389118991810bfacb2806a1b71e6f1722f9,e56c94395e212c577036af0c3acea5e2b4c4c1b9b18cf35c56c534a38c612656,157e568c1214c031894fa0cb1f540966b0bd59e4df9f629778a6bfd2e725ee09,7599fd9b747484d48a7d6a5d7c770a93aff83e95a7f4f864af32559c7441492f,19352cd97aa1be8f5964222ec8623460119c66faad066b94d8177d9a5d80502e,47d8070d5f0772bfbb329edf796a10e4fd914d1e31d953e0d824f8c1978c644d,0f243aeac8ac6cf26f0417285b0bd33ac47f1b5bdb719fd3e0df37d03ea37110
Mexico,MEX,123709314.92427325,31116838.87149347,0.2515318987138613,102702.0,31205638.655350138,0.25224970871799096,424633.0,59314288.1502014,0.47946501188297524,490844.0,97.0,97.0,56.0,56.0,9.0,35.0,35.0,31.0,31.0,0.0,4.0,7.0,6.0,10.0,0.7252577319587629,genbank_nuccore,2026-05-14T20:06:33Z,624b94488266d3215f02635aa4a8c389118991810bfacb2806a1b71e6f1722f9,e56c94395e212c577036af0c3acea5e2b4c4c1b9b18cf35c56c534a38c612656,157e568c1214c031894fa0cb1f540966b0bd59e4df9f629778a6bfd2e725ee09,7599fd9b747484d48a7d6a5d7c770a93aff83e95a7f4f864af32559c7441492f,19352cd97aa1be8f5964222ec8623460119c66faad066b94d8177d9a5d80502e,47d8070d5f0772bfbb329edf796a10e4fd914d1e31d953e0d824f8c1978c644d,0f243aeac8ac6cf26f0417285b0bd33ac47f1b5bdb719fd3e0df37d03ea37110
South Korea,KOR,49719093.88497974,26328366.06325489,0.5295423549786122,22650.0,485205.88634518045,0.009758944671591498,132.0,26813571.94960007,0.5393012996502037,22782.0,646.0,646.0,30.0,30.0,2.0,89.0,89.0,35.0,35.0,54.0,0.0,16.0,3.0,581.0,0.3801857585139319,"genbank_biosample,genbank_nuccore",2026-05-14T20:06:33Z,624b94488266d3215f02635aa4a8c389118991810bfacb2806a1b71e6f1722f9,e56c94395e212c577036af0c3acea5e2b4c4c1b9b18cf35c56c534a38c612656,157e568c1214c031894fa0cb1f540966b0bd59e4df9f629778a6bfd2e725ee09,7599fd9b747484d48a7d6a5d7c770a93aff83e95a7f4f864af32559c7441492f,19352cd97aa1be8f5964222ec8623460119c66faad066b94d8177d9a5d80502e,47d8070d5f0772bfbb329edf796a10e4fd914d1e31d953e0d824f8c1978c644d,0f243aeac8ac6cf26f0417285b0bd33ac47f1b5bdb719fd3e0df37d03ea37110
Germany,DEU,82875766.47137284,18554461.879636224,0.22388283897254035,92296.0,40561629.5925621,0.48942690148842244,132576.0,49395833.35332371,0.5960226427635652,190193.0,1372.0,1372.0,7.0,7.0,4.0,397.0,397.0,206.0,206.0,191.0,0.0,26.0,4.0,1159.0,0.3533163265306122,genbank_nuccore,2026-05-14T20:06:33Z,624b94488266d3215f02635aa4a8c389118991810bfacb2806a1b71e6f1722f9,e56c94395e212c577036af0c3acea5e2b4c4c1b9b18cf35c56c534a38c612656,157e568c1214c031894fa0cb1f540966b0bd59e4df9f629778a6bfd2e725ee09,7599fd9b747484d48a7d6a5d7c770a93aff83e95a7f4f864af32559c7441492f,19352cd97aa1be8f5964222ec8623460119c66faad066b94d8177d9a5d80502e,47d8070d5f0772bfbb329edf796a10e4fd914d1e31d953e0d824f8c1978c644d,0f243aeac8ac6cf26f0417285b0bd33ac47f1b5bdb719fd3e0df37d03ea37110
Czechia,CZE,10734136.11677567,7859196.8513301965,0.732168547690352,53885.0,197983.67938366067,0.01844430490072183,1962.0,7993489.567800601,0.7446793557339101,54756.0,205.0,205.0,1.0,1.0,1.0,42.0,42.0,0.0,0.0,42.0,0.0,10.0,0.0,204.0,0.35317073170731705,genbank_nuccore,2026-05-14T20:06:33Z,624b94488266d3215f02635aa4a8c389118991810bfacb2806a1b71e6f1722f9,e56c94395e212c577036af0c3acea5e2b4c4c1b9b18cf35c56c534a38c612656,157e568c1214c031894fa0cb1f540966b0bd59e4df9f629778a6bfd2e725ee09,7599fd9b747484d48a7d6a5d7c770a93aff83e95a7f4f864af32559c7441492f,19352cd97aa1be8f5964222ec8623460119c66faad066b94d8177d9a5d80502e,47d8070d5f0772bfbb329edf796a10e4fd914d1e31d953e0d824f8c1978c644d,0f243aeac8ac6cf26f0417285b0bd33ac47f1b5bdb719fd3e0df37d03ea37110
Madagascar,MDG,27014397.880385794,7550101.744873478,0.27948436157280937,48304.0,0.0,0.0,0.0,7550101.744873478,0.27948436157280937,48304.0,92.0,92.0,17.0,17.0,2.0,75.0,75.0,0.0,0.0,75.0,0.0,1.0,0.0,75.0,0.4701086956521739,genbank_nuccore,2026-05-14T20:06:33Z,624b94488266d3215f02635aa4a8c389118991810bfacb2806a1b71e6f1722f9,e56c94395e212c577036af0c3acea5e2b4c4c1b9b18cf35c56c534a38c612656,157e568c1214c031894fa0cb1f540966b0bd59e4df9f629778a6bfd2e725ee09,7599fd9b747484d48a7d6a5d7c770a93aff83e95a7f4f864af32559c7441492f,19352cd97aa1be8f5964222ec8623460119c66faad066b94d8177d9a5d80502e,47d8070d5f0772bfbb329edf796a10e4fd914d1e31d953e0d824f8c1978c644d,0f243aeac8ac6cf26f0417285b0bd33ac47f1b5bdb719fd3e0df37d03ea37110
Switzerland,CHE,8508272.563503046,6602242.600643483,0.7759792074556192,24617.0,215553.8547250611,0.025334620290574327,771.0,6618628.494263071,0.777905085299481,24889.0,10.0,10.0,1.0,1.0,1.0,1.0,1.0,0.0,0.0,1.0,0.0,1.0,0.0,9.0,0.41500000000000004,genbank_nuccore,2026-05-14T20:06:33Z,624b94488266d3215f02635aa4a8c389118991810bfacb2806a1b71e6f1722f9,e56c94395e212c577036af0c3acea5e2b4c4c1b9b18cf35c56c534a38c612656,157e568c1214c031894fa0cb1f540966b0bd59e4df9f629778a6bfd2e725ee09,7599fd9b747484d48a7d6a5d7c770a93aff83e95a7f4f864af32559c7441492f,19352cd97aa1be8f5964222ec8623460119c66faad066b94d8177d9a5d80502e,47d8070d5f0772bfbb329edf796a10e4fd914d1e31d953e0d824f8c1978c644d,0f243aeac8ac6cf26f0417285b0bd33ac47f1b5bdb719fd3e0df37d03ea37110
Cambodia,KHM,16231476.40346764,6504965.426232101,0.40076239921356765,19580.0,2004971.3358955667,0.12352365774115479,395.0,6504965.426232101,0.40076239921356765,19580.0,27.0,27.0,2.0,2.0,1.0,24.0,24.0,24.0,24.0,0.0,0.0,1.0,1.0,1.0,0.39814814814814814,genbank_nuccore,2026-05-14T20:06:33Z,624b94488266d3215f02635aa4a8c389118991810bfacb2806a1b71e6f1722f9,e56c94395e212c577036af0c3acea5e2b4c4c1b9b18cf35c56c534a38c612656,157e568c1214c031894fa0cb1f540966b0bd59e4df9f629778a6bfd2e725ee09,7599fd9b747484d48a7d6a5d7c770a93aff83e95a7f4f864af32559c7441492f,19352cd97aa1be8f5964222ec8623460119c66faad066b94d8177d9a5d80502e,47d8070d5f0772bfbb329edf796a10e4fd914d1e31d953e0d824f8c1978c644d,0f243aeac8ac6cf26f0417285b0bd33ac47f1b5bdb719fd3e0df37d03ea37110
__unassigned_geometry__,UNK,209670596.50184506,6396859.346202326,0.03050909117886749,175068.0,17587098.3789153,0.08387966015425789,79385.0,21957680.559052505,0.10472465345830827,250998.0,0.0,0.0,0.0,0.0,0.0,0.0,0.0,0.0,0.0,0.0,0.0,0.0,0.0,0.0,,,2026-05-14T20:06:33Z,624b94488266d3215f02635aa4a8c389118991810bfacb2806a1b71e6f1722f9,e56c94395e212c577036af0c3acea5e2b4c4c1b9b18cf35c56c534a38c612656,157e568c1214c031894fa0cb1f540966b0bd59e4df9f629778a6bfd2e725ee09,7599fd9b747484d48a7d6a5d7c770a93aff83e95a7f4f864af32559c7441492f,19352cd97aa1be8f5964222ec8623460119c66faad066b94d8177d9a5d80502e,47d8070d5f0772bfbb329edf796a10e4fd914d1e31d953e0d824f8c1978c644d,0f243aeac8ac6cf26f0417285b0bd33ac47f1b5bdb719fd3e0df37d03ea37110
Vietnam,VNM,93497564.85421038,5549020.244870477,0.05934935582036813,24482.0,20880639.346646678,0.22332816238803233,15487.0,26345442.220808793,0.281776774206782,38811.0,53.0,53.0,0.0,0.0,0.0,50.0,50.0,13.0,13.0,37.0,0.0,7.0,4.0,40.0,0.3499999999999999,genbank_nuccore,2026-05-14T20:06:33Z,624b94488266d3215f02635aa4a8c389118991810bfacb2806a1b71e6f1722f9,e56c94395e212c577036af0c3acea5e2b4c4c1b9b18cf35c56c534a38c612656,157e568c1214c031894fa0cb1f540966b0bd59e4df9f629778a6bfd2e725ee09,7599fd9b747484d48a7d6a5d7c770a93aff83e95a7f4f864af32559c7441492f,19352cd97aa1be8f5964222ec8623460119c66faad066b94d8177d9a5d80502e,47d8070d5f0772bfbb329edf796a10e4fd914d1e31d953e0d824f8c1978c644d,0f243aeac8ac6cf26f0417285b0bd33ac47f1b5bdb719fd3e0df37d03ea37110
Japan,JPN,120362669.83718085,4082486.164073389,0.03391820877350031,52786.0,4893865.275510492,0.04065932803028222,74932.0,4951653.736068992,0.04113944749453698,81477.0,79.0,79.0,26.0,26.0,7.0,46.0,46.0,46.0,46.0,0.0,0.0,1.0,1.0,7.0,0.5639240506329114,genbank_nuccore,2026-05-14T20:06:33Z,624b94488266d3215f02635aa4a8c389118991810bfacb2806a1b71e6f1722f9,e56c94395e212c577036af0c3acea5e2b4c4c1b9b18cf35c56c534a38c612656,157e568c1214c031894fa0cb1f540966b0bd59e4df9f629778a6bfd2e725ee09,7599fd9b747484d48a7d6a5d7c770a93aff83e95a7f4f864af32559c7441492f,19352cd97aa1be8f5964222ec8623460119c66faad066b94d8177d9a5d80502e,47d8070d5f0772bfbb329edf796a10e4fd914d1e31d953e0d824f8c1978c644d,0f243aeac8ac6cf26f0417285b0bd33ac47f1b5bdb719fd3e0df37d03ea37110
Brazil,BRA,208757318.30417326,4002981.0807576627,0.019175285030846458,75387.0,41232629.52022332,0.19751465412170433,2519624.0,44878719.823515944,0.2149803426681534,2556306.0,205.0,205.0,3.0,3.0,3.0,76.0,76.0,15.0,15.0,61.0,0.0,22.0,5.0,187.0,0.35951219512195115,genbank_nuccore,2026-05-14T20:06:33Z,624b94488266d3215f02635aa4a8c389118991810bfacb2806a1b71e6f1722f9,e56c94395e212c577036af0c3acea5e2b4c4c1b9b18cf35c56c534a38c612656,157e568c1214c031894fa0cb1f540966b0bd59e4df9f629778a6bfd2e725ee09,7599fd9b747484d48a7d6a5d7c770a93aff83e95a7f4f864af32559c7441492f,19352cd97aa1be8f5964222ec8623460119c66faad066b94d8177d9a5d80502e,47d8070d5f0772bfbb329edf796a10e4fd914d1e31d953e0d824f8c1978c644d,0f243aeac8ac6cf26f0417285b0bd33ac47f1b5bdb719fd3e0df37d03ea37110
Canada,CAN,36607045.45930843,3810065.3166672,0.10408010995867949,49840.0,228390.4431945266,0.006238975047806038,2819.0,4038455.7598617272,0.11031908500648555,52659.0,24.0,24.0,10.0,10.0,2.0,0.0,0.0,0.0,0.0,0.0,0.0,0.0,0.0,14.0,0.6208333333333333,"genbank_biosample,genbank_nuccore",2026-05-14T20:06:33Z,624b94488266d3215f02635aa4a8c389118991810bfacb2806a1b71e6f1722f9,e56c94395e212c577036af0c3acea5e2b4c4c1b9b18cf35c56c534a38c612656,157e568c1214c031894fa0cb1f540966b0bd59e4df9f629778a6bfd2e725ee09,7599fd9b747484d48a7d6a5d7c770a93aff83e95a7f4f864af32559c7441492f,19352cd97aa1be8f5964222ec8623460119c66faad066b94d8177d9a5d80502e,47d8070d5f0772bfbb329edf796a10e4fd914d1e31d953e0d824f8c1978c644d,0f243aeac8ac6cf26f0417285b0bd33ac47f1b5bdb719fd3e0df37d03ea37110
United Kingdom,GBR,65015765.85258366,3384891.619529998,0.05206262781253519,26108.0,0.0,0.0,0.0,3384891.619529998,0.05206262781253519,26108.0,38.0,38.0,2.0,2.0,1.0,5.0,5.0,0.0,0.0,5.0,0.0,5.0,0.0,36.0,0.38421052631578945,genbank_nuccore,2026-05-14T20:06:33Z,624b94488266d3215f02635aa4a8c389118991810bfacb2806a1b71e6f1722f9,e56c94395e212c577036af0c3acea5e2b4c4c1b9b18cf35c56c534a38c612656,157e568c1214c031894fa0cb1f540966b0bd59e4df9f629778a6bfd2e725ee09,7599fd9b747484d48a7d6a5d7c770a93aff83e95a7f4f864af32559c7441492f,19352cd97aa1be8f5964222ec8623460119c66faad066b94d8177d9a5d80502e,47d8070d5f0772bfbb329edf796a10e4fd914d1e31d953e0d824f8c1978c644d,0f243aeac8ac6cf26f0417285b0bd33ac47f1b5bdb719fd3e0df37d03ea37110
North Korea,PRK,24639754.684261832,2934649.0805397443,0.11910220366009548,19101.0,237896.2507087437,0.009654976429643407,2716.0,3165370.1667896584,0.12846597733424178,21568.0,17.0,17.0,0.0,0.0,0.0,0.0,0.0,0.0,0.0,0.0,0.0,0.0,0.0,17.0,0.35,genbank_nuccore,2026-05-14T20:06:33Z,624b94488266d3215f02635aa4a8c389118991810bfacb2806a1b71e6f1722f9,e56c94395e212c577036af0c3acea5e2b4c4c1b9b18cf35c56c534a38c612656,157e568c1214c031894fa0cb1f540966b0bd59e4df9f629778a6bfd2e725ee09,7599fd9b747484d48a7d6a5d7c770a93aff83e95a7f4f864af32559c7441492f,19352cd97aa1be8f5964222ec8623460119c66faad066b94d8177d9a5d80502e,47d8070d5f0772bfbb329edf796a10e4fd914d1e31d953e0d824f8c1978c644d,0f243aeac8ac6cf26f0417285b0bd33ac47f1b5bdb719fd3e0df37d03ea37110
United States of America,USA,332670954.89014965,2739804.510650793,0.008235779139647152,91506.0,168832986.48166892,0.5075074454198106,5322871.0,171510904.36035043,0.5155571949976353,5382997.0,474.0,476.0,11.0,11.0,5.0,296.0,298.0,119.0,121.0,146.0,31.0,46.0,36.0,344.0,0.38069620253164554,"cdc_nndss,genbank_biosample,genbank_nuccore,who_don",2026-05-14T20:06:33Z,624b94488266d3215f02635aa4a8c389118991810bfacb2806a1b71e6f1722f9,e56c94395e212c577036af0c3acea5e2b4c4c1b9b18cf35c56c534a38c612656,157e568c1214c031894fa0cb1f540966b0bd59e4df9f629778a6bfd2e725ee09,7599fd9b747484d48a7d6a5d7c770a93aff83e95a7f4f864af32559c7441492f,19352cd97aa1be8f5964222ec8623460119c66faad066b94d8177d9a5d80502e,47d8070d5f0772bfbb329edf796a10e4fd914d1e31d953e0d824f8c1978c644d,0f243aeac8ac6cf26f0417285b0bd33ac47f1b5bdb719fd3e0df37d03ea37110
France,FRA,63247263.94782,2252067.8182405126,0.03560735560195148,15307.0,1069751.3092327907,0.016913795830209393,10689.0,3321819.1274733064,0.05252115143216093,25996.0,291.0,291.0,0.0,0.0,0.0,149.0,149.0,76.0,76.0,73.0,0.0,13.0,4.0,215.0,0.35,genbank_nuccore,2026-05-14T20:06:33Z,624b94488266d3215f02635aa4a8c389118991810bfacb2806a1b71e6f1722f9,e56c94395e212c577036af0c3acea5e2b4c4c1b9b18cf35c56c534a38c612656,157e568c1214c031894fa0cb1f540966b0bd59e4df9f629778a6bfd2e725ee09,7599fd9b747484d48a7d6a5d7c770a93aff83e95a7f4f864af32559c7441492f,19352cd97aa1be8f5964222ec8623460119c66faad066b94d8177d9a5d80502e,47d8070d5f0772bfbb329edf796a10e4fd914d1e31d953e0d824f8c1978c644d,0f243aeac8ac6cf26f0417285b0bd33ac47f1b5bdb719fd3e0df37d03ea37110
Guatemala,GTM,17378385.087239295,2198259.3471540636,0.12649387938630816,23718.0,0.0,0.0,0.0,2198259.3471540636,0.12649387938630816,23718.0,0.0,0.0,0.0,0.0,0.0,0.0,0.0,0.0,0.0,0.0,0.0,0.0,0.0,0.0,,,2026-05-14T20:06:33Z,624b94488266d3215f02635aa4a8c389118991810bfacb2806a1b71e6f1722f9,e56c94395e212c577036af0c3acea5e2b4c4c1b9b18cf35c56c534a38c612656,157e568c1214c031894fa0cb1f540966b0bd59e4df9f629778a6bfd2e725ee09,7599fd9b747484d48a7d6a5d7c770a93aff83e95a7f4f864af32559c7441492f,19352cd97aa1be8f5964222ec8623460119c66faad066b94d8177d9a5d80502e,47d8070d5f0772bfbb329edf796a10e4fd914d1e31d953e0d824f8c1978c644d,0f243aeac8ac6cf26f0417285b0bd33ac47f1b5bdb719fd3e0df37d03ea37110
Paraguay,PRY,7230909.501926452,2119443.0471955994,0.29310877789729484,89812.0,417225.61970455537,0.05770029615132073,16153.0,2288752.189535594,0.31652341782535476,91801.0,92.0,92.0,68.0,68.0,16.0,23.0,23.0,23.0,23.0,0.0,0.0,1.0,1.0,1.0,0.8304347826086957,"genbank_biosample,genbank_nuccore",2026-05-14T20:06:33Z,624b94488266d3215f02635aa4a8c389118991810bfacb2806a1b71e6f1722f9,e56c94395e212c577036af0c3acea5e2b4c4c1b9b18cf35c56c534a38c612656,157e568c1214c031894fa0cb1f540966b0bd59e4df9f629778a6bfd2e725ee09,7599fd9b747484d48a7d6a5d7c770a93aff83e95a7f4f864af32559c7441492f,19352cd97aa1be8f5964222ec8623460119c66faad066b94d8177d9a5d80502e,47d8070d5f0772bfbb329edf796a10e4fd914d1e31d953e0d824f8c1978c644d,0f243aeac8ac6cf26f0417285b0bd33ac47f1b5bdb719fd3e0df37d03ea37110
Sweden,SWE,9339980.749639839,1647817.5417451062,0.1764262246267101,24646.0,152971.4403618793,0.016378132296233916,56320.0,1800788.9821069855,0.19280435692294398,80966.0,43.0,43.0,3.0,3.0,2.0,3.0,3.0,3.0,3.0,0.0,0.0,1.0,1.0,37.0,0.3953488372093023,genbank_nuccore,2026-05-14T20:06:33Z,624b94488266d3215f02635aa4a8c389118991810bfacb2806a1b71e6f1722f9,e56c94395e212c577036af0c3acea5e2b4c4c1b9b18cf35c56c534a38c612656,157e568c1214c031894fa0cb1f540966b0bd59e4df9f629778a6bfd2e725ee09,7599fd9b747484d48a7d6a5d7c770a93aff83e95a7f4f864af32559c7441492f,19352cd97aa1be8f5964222ec8623460119c66faad066b94d8177d9a5d80502e,47d8070d5f0772bfbb329edf796a10e4fd914d1e31d953e0d824f8c1978c644d,0f243aeac8ac6cf26f0417285b0bd33ac47f1b5bdb719fd3e0df37d03ea37110
Latvia,LVA,1788373.859353275,1603972.2662770872,0.8968886778836767,50201.0,0.0,0.0,0.0,1603972.2662770872,0.8968886778836767,50201.0,5.0,5.0,5.0,5.0,3.0,0.0,0.0,0.0,0.0,0.0,0.0,0.0,0.0,0.0,1.0,genbank_nuccore,2026-05-14T20:06:33Z,624b94488266d3215f02635aa4a8c389118991810bfacb2806a1b71e6f1722f9,e56c94395e212c577036af0c3acea5e2b4c4c1b9b18cf35c56c534a38c612656,157e568c1214c031894fa0cb1f540966b0bd59e4df9f629778a6bfd2e725ee09,7599fd9b747484d48a7d6a5d7c770a93aff83e95a7f4f864af32559c7441492f,19352cd97aa1be8f5964222ec8623460119c66faad066b94d8177d9a5d80502e,47d8070d5f0772bfbb329edf796a10e4fd914d1e31d953e0d824f8c1978c644d,0f243aeac8ac6cf26f0417285b0bd33ac47f1b5bdb719fd3e0df37d03ea37110
Poland,POL,38313863.67434045,1463550.9103595712,0.03819899039155741,14635.0,8955.7012885164,0.0002337457105510925,242.0,1472506.6116480876,0.0384327361021085,14877.0,48.0,48.0,0.0,0.0,0.0,8.0,8.0,0.0,0.0,8.0,0.0,4.0,0.0,48.0,0.3499999999999999,genbank_nuccore,2026-05-14T20:06:33Z,624b94488266d3215f02635aa4a8c389118991810bfacb2806a1b71e6f1722f9,e56c94395e212c577036af0c3acea5e2b4c4c1b9b18cf35c56c534a38c612656,157e568c1214c031894fa0cb1f540966b0bd59e4df9f629778a6bfd2e725ee09,7599fd9b747484d48a7d6a5d7c770a93aff83e95a7f4f864af32559c7441492f,19352cd97aa1be8f5964222ec8623460119c66faad066b94d8177d9a5d80502e,47d8070d5f0772bfbb329edf796a10e4fd914d1e31d953e0d824f8c1978c644d,0f243aeac8ac6cf26f0417285b0bd33ac47f1b5bdb719fd3e0df37d03ea37110
Ukraine,UKR,40372359.776899174,1456678.8851079762,0.03608109343020071,30113.0,4953.846828942187,0.0001227039206109708,326.0,1459219.4777142315,0.036144022439559956,30210.0,25.0,25.0,25.0,25.0,23.0,0.0,0.0,0.0,0.0,0.0,0.0,0.0,0.0,0.0,1.0,genbank_nuccore,2026-05-14T20:06:33Z,624b94488266d3215f02635aa4a8c389118991810bfacb2806a1b71e6f1722f9,e56c94395e212c577036af0c3acea5e2b4c4c1b9b18cf35c56c534a38c612656,157e568c1214c031894fa0cb1f540966b0bd59e4df9f629778a6bfd2e725ee09,7599fd9b747484d48a7d6a5d7c770a93aff83e95a7f4f864af32559c7441492f,19352cd97aa1be8f5964222ec8623460119c66faad066b94d8177d9a5d80502e,47d8070d5f0772bfbb329edf796a10e4fd914d1e31d953e0d824f8c1978c644d,0f243aeac8ac6cf26f0417285b0bd33ac47f1b5bdb719fd3e0df37d03ea37110
Panama,PAN,4151939.2243132954,937979.209175431,0.2259135210079013,24703.0,0.0,0.0,0.0,937979.209175431,0.2259135210079013,24703.0,28.0,28.0,10.0,10.0,2.0,1.0,1.0,0.0,0.0,1.0,0.0,1.0,0.0,18.0,0.5785714285714285,"genbank_nuccore,who_don",2026-05-14T20:06:33Z,624b94488266d3215f02635aa4a8c389118991810bfacb2806a1b71e6f1722f9,e56c94395e212c577036af0c3acea5e2b4c4c1b9b18cf35c56c534a38c612656,157e568c1214c031894fa0cb1f540966b0bd59e4df9f629778a6bfd2e725ee09,7599fd9b747484d48a7d6a5d7c770a93aff83e95a7f4f864af32559c7441492f,19352cd97aa1be8f5964222ec8623460119c66faad066b94d8177d9a5d80502e,47d8070d5f0772bfbb329edf796a10e4fd914d1e31d953e0d824f8c1978c644d,0f243aeac8ac6cf26f0417285b0bd33ac47f1b5bdb719fd3e0df37d03ea37110
Lithuania,LTU,2756215.059370204,583602.6930767832,0.2117406227401343,19845.0,0.0,0.0,0.0,583602.6930767832,0.2117406227401343,19845.0,32.0,32.0,1.0,1.0,1.0,31.0,31.0,0.0,0.0,31.0,0.0,8.0,0.0,31.0,0.3703125,genbank_nuccore,2026-05-14T20:06:33Z,624b94488266d3215f02635aa4a8c389118991810bfacb2806a1b71e6f1722f9,e56c94395e212c577036af0c3acea5e2b4c4c1b9b18cf35c56c534a38c612656,157e568c1214c031894fa0cb1f540966b0bd59e4df9f629778a6bfd2e725ee09,7599fd9b747484d48a7d6a5d7c770a93aff83e95a7f4f864af32559c7441492f,19352cd97aa1be8f5964222ec8623460119c66faad066b94d8177d9a5d80502e,47d8070d5f0772bfbb329edf796a10e4fd914d1e31d953e0d824f8c1978c644d,0f243aeac8ac6cf26f0417285b0bd33ac47f1b5bdb719fd3e0df37d03ea37110
Finland,FIN,5356416.350394833,554592.998048869,0.1035380675753461,42258.0,0.0,0.0,0.0,554592.998048869,0.1035380675753461,42258.0,194.0,194.0,119.0,119.0,2.0,19.0,19.0,0.0,0.0,19.0,0.0,1.0,0.0,75.0,0.7487113402061856,genbank_nuccore,2026-05-14T20:06:33Z,624b94488266d3215f02635aa4a8c389118991810bfacb2806a1b71e6f1722f9,e56c94395e212c577036af0c3acea5e2b4c4c1b9b18cf35c56c534a38c612656,157e568c1214c031894fa0cb1f540966b0bd59e4df9f629778a6bfd2e725ee09,7599fd9b747484d48a7d6a5d7c770a93aff83e95a7f4f864af32559c7441492f,19352cd97aa1be8f5964222ec8623460119c66faad066b94d8177d9a5d80502e,47d8070d5f0772bfbb329edf796a10e4fd914d1e31d953e0d824f8c1978c644d,0f243aeac8ac6cf26f0417285b0bd33ac47f1b5bdb719fd3e0df37d03ea37110
Belarus,BLR,9661725.630592592,554125.6083391248,0.057352654124699885,9919.0,0.0,0.0,0.0,554125.6083391248,0.057352654124699885,9919.0,3.0,3.0,0.0,0.0,0.0,0.0,0.0,0.0,0.0,0.0,0.0,0.0,0.0,3.0,0.3499999999999999,genbank_nuccore,2026-05-14T20:06:33Z,624b94488266d3215f02635aa4a8c389118991810bfacb2806a1b71e6f1722f9,e56c94395e212c577036af0c3acea5e2b4c4c1b9b18cf35c56c534a38c612656,157e568c1214c031894fa0cb1f540966b0bd59e4df9f629778a6bfd2e725ee09,7599fd9b747484d48a7d6a5d7c770a93aff83e95a7f4f864af32559c7441492f,19352cd97aa1be8f5964222ec8623460119c66faad066b94d8177d9a5d80502e,47d8070d5f0772bfbb329edf796a10e4fd914d1e31d953e0d824f8c1978c644d,0f243aeac8ac6cf26f0417285b0bd33ac47f1b5bdb719fd3e0df37d03ea37110
Argentina,ARG,43684329.08067045,504410.31624949235,0.011546710842645974,36553.0,4501102.048717115,0.10303699618243133,255119.0,5005512.364966607,0.11458370702507728,291672.0,69.0,69.0,4.0,4.0,1.0,28.0,28.0,5.0,5.0,1.0,22.0,6.0,3.0,60.0,0.3869565217391304,"genbank_biosample,genbank_nuccore,who_don",2026-05-14T20:06:33Z,624b94488266d3215f02635aa4a8c389118991810bfacb2806a1b71e6f1722f9,e56c94395e212c577036af0c3acea5e2b4c4c1b9b18cf35c56c534a38c612656,157e568c1214c031894fa0cb1f540966b0bd59e4df9f629778a6bfd2e725ee09,7599fd9b747484d48a7d6a5d7c770a93aff83e95a7f4f864af32559c7441492f,19352cd97aa1be8f5964222ec8623460119c66faad066b94d8177d9a5d80502e,47d8070d5f0772bfbb329edf796a10e4fd914d1e31d953e0d824f8c1978c644d,0f243aeac8ac6cf26f0417285b0bd33ac47f1b5bdb719fd3e0df37d03ea37110
Slovakia,SVK,5277229.217574713,455948.10707074834,0.08639914778617312,3258.0,0.0,0.0,0.0,455948.10707074834,0.08639914778617312,3258.0,10.0,10.0,0.0,0.0,0.0,0.0,0.0,0.0,0.0,0.0,0.0,0.0,0.0,10.0,0.35,genbank_nuccore,2026-05-14T20:06:33Z,624b94488266d3215f02635aa4a8c389118991810bfacb2806a1b71e6f1722f9,e56c94395e212c577036af0c3acea5e2b4c4c1b9b18cf35c56c534a38c612656,157e568c1214c031894fa0cb1f540966b0bd59e4df9f629778a6bfd2e725ee09,7599fd9b747484d48a7d6a5d7c770a93aff83e95a7f4f864af32559c7441492f,19352cd97aa1be8f5964222ec8623460119c66faad066b94d8177d9a5d80502e,47d8070d5f0772bfbb329edf796a10e4fd914d1e31d953e0d824f8c1978c644d,0f243aeac8ac6cf26f0417285b0bd33ac47f1b5bdb719fd3e0df37d03ea37110
Denmark,DNK,4919369.614061253,339944.5840681982,0.06910328166774041,348.0,0.0,0.0,0.0,339944.5840681982,0.06910328166774041,348.0,0.0,0.0,0.0,0.0,0.0,0.0,0.0,0.0,0.0,0.0,0.0,0.0,0.0,0.0,,,2026-05-14T20:06:33Z,624b94488266d3215f02635aa4a8c389118991810bfacb2806a1b71e6f1722f9,e56c94395e212c577036af0c3acea5e2b4c4c1b9b18cf35c56c534a38c612656,157e568c1214c031894fa0cb1f540966b0bd59e4df9f629778a6bfd2e725ee09,7599fd9b747484d48a7d6a5d7c770a93aff83e95a7f4f864af32559c7441492f,19352cd97aa1be8f5964222ec8623460119c66faad066b94d8177d9a5d80502e,47d8070d5f0772bfbb329edf796a10e4fd914d1e31d953e0d824f8c1978c644d,0f243aeac8ac6cf26f0417285b0bd33ac47f1b5bdb719fd3e0df37d03ea37110
Bolivia,BOL,11840964.822121343,280542.42975430284,0.02369253130709351,31582.0,16819.949687104672,0.001420488105469376,5830.0,297362.3794414075,0.025113019412562887,37412.0,4.0,4.0,1.0,1.0,1.0,0.0,0.0,0.0,0.0,0.0,0.0,0.0,0.0,3.0,0.5125,genbank_nuccore,2026-05-14T20:06:33Z,624b94488266d3215f02635aa4a8c389118991810bfacb2806a1b71e6f1722f9,e56c94395e212c577036af0c3acea5e2b4c4c1b9b18cf35c56c534a38c612656,157e568c1214c031894fa0cb1f540966b0bd59e4df9f629778a6bfd2e725ee09,7599fd9b747484d48a7d6a5d7c770a93aff83e95a7f4f864af32559c7441492f,19352cd97aa1be8f5964222ec8623460119c66faad066b94d8177d9a5d80502e,47d8070d5f0772bfbb329edf796a10e4fd914d1e31d953e0d824f8c1978c644d,0f243aeac8ac6cf26f0417285b0bd33ac47f1b5bdb719fd3e0df37d03ea37110
Australia,AUS,24581209.806064855,215964.87071826294,0.008785770611867057,13407.0,0.0,0.0,0.0,215964.87071826294,0.008785770611867057,13407.0,3.0,3.0,3.0,3.0,1.0,0.0,0.0,0.0,0.0,0.0,0.0,0.0,0.0,0.0,1.0,genbank_nuccore,2026-05-14T20:06:33Z,624b94488266d3215f02635aa4a8c389118991810bfacb2806a1b71e6f1722f9,e56c94395e212c577036af0c3acea5e2b4c4c1b9b18cf35c56c534a38c612656,157e568c1214c031894fa0cb1f540966b0bd59e4df9f629778a6bfd2e725ee09,7599fd9b747484d48a7d6a5d7c770a93aff83e95a7f4f864af32559c7441492f,19352cd97aa1be8f5964222ec8623460119c66faad066b94d8177d9a5d80502e,47d8070d5f0772bfbb329edf796a10e4fd914d1e31d953e0d824f8c1978c644d,0f243aeac8ac6cf26f0417285b0bd33ac47f1b5bdb719fd3e0df37d03ea37110
Austria,AUT,9151004.199170418,201905.73523261864,0.022063779104256376,1418.0,3253377.027613553,0.35552131294055,37136.0,3429278.647346247,0.3747434240776687,38288.0,71.0,71.0,0.0,0.0,0.0,68.0,68.0,63.0,63.0,5.0,0.0,7.0,3.0,8.0,0.35,genbank_nuccore,2026-05-14T20:06:33Z,624b94488266d3215f02635aa4a8c389118991810bfacb2806a1b71e6f1722f9,e56c94395e212c577036af0c3acea5e2b4c4c1b9b18cf35c56c534a38c612656,157e568c1214c031894fa0cb1f540966b0bd59e4df9f629778a6bfd2e725ee09,7599fd9b747484d48a7d6a5d7c770a93aff83e95a7f4f864af32559c7441492f,19352cd97aa1be8f5964222ec8623460119c66faad066b94d8177d9a5d80502e,47d8070d5f0772bfbb329edf796a10e4fd914d1e31d953e0d824f8c1978c644d,0f243aeac8ac6cf26f0417285b0bd33ac47f1b5bdb719fd3e0df37d03ea37110
Myanmar,MMR,52862095.84662196,24427.22375242412,0.0004620933650322737,13093.0,244056.6518356558,0.004616855384315068,3990.0,268209.8660673108,0.005073765271159793,16725.0,0.0,0.0,0.0,0.0,0.0,0.0,0.0,0.0,0.0,0.0,0.0,0.0,0.0,0.0,,,2026-05-14T20:06:33Z,624b94488266d3215f02635aa4a8c389118991810bfacb2806a1b71e6f1722f9,e56c94395e212c577036af0c3acea5e2b4c4c1b9b18cf35c56c534a38c612656,157e568c1214c031894fa0cb1f540966b0bd59e4df9f629778a6bfd2e725ee09,7599fd9b747484d48a7d6a5d7c770a93aff83e95a7f4f864af32559c7441492f,19352cd97aa1be8f5964222ec8623460119c66faad066b94d8177d9a5d80502e,47d8070d5f0772bfbb329edf796a10e4fd914d1e31d953e0d824f8c1978c644d,0f243aeac8ac6cf26f0417285b0bd33ac47f1b5bdb719fd3e0df37d03ea37110
Belize,BLZ,325564.39523757505,21927.530458955793,0.06735236033090951,2131.0,0.0,0.0,0.0,21927.530458955793,0.06735236033090951,2131.0,0.0,0.0,0.0,0.0,0.0,0.0,0.0,0.0,0.0,0.0,0.0,0.0,0.0,0.0,,,2026-05-14T20:06:33Z,624b94488266d3215f02635aa4a8c389118991810bfacb2806a1b71e6f1722f9,e56c94395e212c577036af0c3acea5e2b4c4c1b9b18cf35c56c534a38c612656,157e568c1214c031894fa0cb1f540966b0bd59e4df9f629778a6bfd2e725ee09,7599fd9b747484d48a7d6a5d7c770a93aff83e95a7f4f864af32559c7441492f,19352cd97aa1be8f5964222ec8623460119c66faad066b94d8177d9a5d80502e,47d8070d5f0772bfbb329edf796a10e4fd914d1e31d953e0d824f8c1978c644d,0f243aeac8ac6cf26f0417285b0bd33ac47f1b5bdb719fd3e0df37d03ea37110
Mongolia,MNG,3275441.201168826,14035.911240542307,0.004285197131773777,31896.0,7937.904599495698,0.0024234611803329253,6289.0,21973.815840038005,0.006708658312106703,38179.0,2.0,2.0,2.0,2.0,2.0,0.0,0.0,0.0,0.0,0.0,0.0,0.0,0.0,0.0,1.0,genbank_nuccore,2026-05-14T20:06:33Z,624b94488266d3215f02635aa4a8c389118991810bfacb2806a1b71e6f1722f9,e56c94395e212c577036af0c3acea5e2b4c4c1b9b18cf35c56c534a38c612656,157e568c1214c031894fa0cb1f540966b0bd59e4df9f629778a6bfd2e725ee09,7599fd9b747484d48a7d6a5d7c770a93aff83e95a7f4f864af32559c7441492f,19352cd97aa1be8f5964222ec8623460119c66faad066b94d8177d9a5d80502e,47d8070d5f0772bfbb329edf796a10e4fd914d1e31d953e0d824f8c1978c644d,0f243aeac8ac6cf26f0417285b0bd33ac47f1b5bdb719fd3e0df37d03ea37110
Kazakhstan,KAZ,18950546.66308278,9487.36562023079,0.000500638097090516,2979.0,80770.86606371333,0.004262191877612777,23986.0,89677.79715363705,0.004732201067757943,26125.0,28.0,28.0,0.0,0.0,0.0,0.0,0.0,0.0,0.0,0.0,0.0,0.0,0.0,28.0,0.35,genbank_nuccore,2026-05-14T20:06:33Z,624b94488266d3215f02635aa4a8c389118991810bfacb2806a1b71e6f1722f9,e56c94395e212c577036af0c3acea5e2b4c4c1b9b18cf35c56c534a38c612656,157e568c1214c031894fa0cb1f540966b0bd59e4df9f629778a6bfd2e725ee09,7599fd9b747484d48a7d6a5d7c770a93aff83e95a7f4f864af32559c7441492f,19352cd97aa1be8f5964222ec8623460119c66faad066b94d8177d9a5d80502e,47d8070d5f0772bfbb329edf796a10e4fd914d1e31d953e0d824f8c1978c644d,0f243aeac8ac6cf26f0417285b0bd33ac47f1b5bdb719fd3e0df37d03ea37110
Estonia,EST,1221839.2226656263,7887.114987492852,0.0064551168772319515,1611.0,0.0,0.0,0.0,7887.114987492852,0.0064551168772319515,1611.0,0.0,0.0,0.0,0.0,0.0,0.0,0.0,0.0,0.0,0.0,0.0,0.0,0.0,0.0,,,2026-05-14T20:06:33Z,624b94488266d3215f02635aa4a8c389118991810bfacb2806a1b71e6f1722f9,e56c94395e212c577036af0c3acea5e2b4c4c1b9b18cf35c56c534a38c612656,157e568c1214c031894fa0cb1f540966b0bd59e4df9f629778a6bfd2e725ee09,7599fd9b747484d48a7d6a5d7c770a93aff83e95a7f4f864af32559c7441492f,19352cd97aa1be8f5964222ec8623460119c66faad066b94d8177d9a5d80502e,47d8070d5f0772bfbb329edf796a10e4fd914d1e31d953e0d824f8c1978c644d,0f243aeac8ac6cf26f0417285b0bd33ac47f1b5bdb719fd3e0df37d03ea37110
Ethiopia,ETH,117029814.59794013,0.0,0.0,0.0,6803378.208841314,0.05813371773863394,48894.0,6803378.208841314,0.05813371773863394,48894.0,12.0,12.0,0.0,0.0,0.0,11.0,11.0,4.0,4.0,7.0,0.0,6.0,1.0,8.0,0.3499999999999999,genbank_nuccore,2026-05-14T20:06:33Z,624b94488266d3215f02635aa4a8c389118991810bfacb2806a1b71e6f1722f9,e56c94395e212c577036af0c3acea5e2b4c4c1b9b18cf35c56c534a38c612656,157e568c1214c031894fa0cb1f540966b0bd59e4df9f629778a6bfd2e725ee09,7599fd9b747484d48a7d6a5d7c770a93aff83e95a7f4f864af32559c7441492f,19352cd97aa1be8f5964222ec8623460119c66faad066b94d8177d9a5d80502e,47d8070d5f0772bfbb329edf796a10e4fd914d1e31d953e0d824f8c1978c644d,0f243aeac8ac6cf26f0417285b0bd33ac47f1b5bdb719fd3e0df37d03ea37110
Colombia,COL,50671860.51739908,0.0,0.0,0.0,6058896.001911962,0.11957121645122017,63745.0,6058896.001911962,0.11957121645122017,63745.0,10.0,10.0,0.0,0.0,0.0,8.0,8.0,8.0,8.0,0.0,0.0,1.0,1.0,2.0,0.35,genbank_nuccore,2026-05-14T20:06:33Z,624b94488266d3215f02635aa4a8c389118991810bfacb2806a1b71e6f1722f9,e56c94395e212c577036af0c3acea5e2b4c4c1b9b18cf35c56c534a38c612656,157e568c1214c031894fa0cb1f540966b0bd59e4df9f629778a6bfd2e725ee09,7599fd9b747484d48a7d6a5d7c770a93aff83e95a7f4f864af32559c7441492f,19352cd97aa1be8f5964222ec8623460119c66faad066b94d8177d9a5d80502e,47d8070d5f0772bfbb329edf796a10e4fd914d1e31d953e0d824f8c1978c644d,0f243aeac8ac6cf26f0417285b0bd33ac47f1b5bdb719fd3e0df37d03ea37110
Taiwan,TWN,20863349.533639282,0.0,0.0,0.0,4461267.373605213,0.2138327484957309,1794.0,4461267.373605213,0.2138327484957309,1794.0,5.0,5.0,0.0,0.0,0.0,1.0,1.0,1.0,1.0,0.0,0.0,1.0,1.0,4.0,0.35,genbank_nuccore,2026-05-14T20:06:33Z,624b94488266d3215f02635aa4a8c389118991810bfacb2806a1b71e6f1722f9,e56c94395e212c577036af0c3acea5e2b4c4c1b9b18cf35c56c534a38c612656,157e568c1214c031894fa0cb1f540966b0bd59e4df9f629778a6bfd2e725ee09,7599fd9b747484d48a7d6a5d7c770a93aff83e95a7f4f864af32559c7441492f,19352cd97aa1be8f5964222ec8623460119c66faad066b94d8177d9a5d80502e,47d8070d5f0772bfbb329edf796a10e4fd914d1e31d953e0d824f8c1978c644d,0f243aeac8ac6cf26f0417285b0bd33ac47f1b5bdb719fd3e0df37d03ea37110
Iran,IRN,86015774.22945371,0.0,0.0,0.0,3202288.8433778947,0.0372290881767284,44572.0,3202288.8433778947,0.0372290881767284,44572.0,1.0,1.0,0.0,0.0,0.0,1.0,1.0,1.0,1.0,0.0,0.0,1.0,1.0,0.0,0.35,genbank_nuccore,2026-05-14T20:06:33Z,624b94488266d3215f02635aa4a8c389118991810bfacb2806a1b71e6f1722f9,e56c94395e212c577036af0c3acea5e2b4c4c1b9b18cf35c56c534a38c612656,157e568c1214c031894fa0cb1f540966b0bd59e4df9f629778a6bfd2e725ee09,7599fd9b747484d48a7d6a5d7c770a93aff83e95a7f4f864af32559c7441492f,19352cd97aa1be8f5964222ec8623460119c66faad066b94d8177d9a5d80502e,47d8070d5f0772bfbb329edf796a10e4fd914d1e31d953e0d824f8c1978c644d,0f243aeac8ac6cf26f0417285b0bd33ac47f1b5bdb719fd3e0df37d03ea37110
Mali,MLI,21284596.653542034,0.0,0.0,0.0,2214846.2379819676,0.10405864269048239,216.0,2214846.2379819676,0.10405864269048239,216.0,15.0,15.0,0.0,0.0,0.0,15.0,15.0,15.0,15.0,0.0,0.0,1.0,1.0,0.0,0.35,genbank_nuccore,2026-05-14T20:06:33Z,624b94488266d3215f02635aa4a8c389118991810bfacb2806a1b71e6f1722f9,e56c94395e212c577036af0c3acea5e2b4c4c1b9b18cf35c56c534a38c612656,157e568c1214c031894fa0cb1f540966b0bd59e4df9f629778a6bfd2e725ee09,7599fd9b747484d48a7d6a5d7c770a93aff83e95a7f4f864af32559c7441492f,19352cd97aa1be8f5964222ec8623460119c66faad066b94d8177d9a5d80502e,47d8070d5f0772bfbb329edf796a10e4fd914d1e31d953e0d824f8c1978c644d,0f243aeac8ac6cf26f0417285b0bd33ac47f1b5bdb719fd3e0df37d03ea37110
Malaysia,MYS,37109117.041562706,0.0,0.0,0.0,2189105.836845779,0.05899105156271843,117054.0,2189105.836845779,0.05899105156271843,117054.0,6.0,6.0,0.0,0.0,0.0,6.0,6.0,6.0,6.0,0.0,0.0,1.0,1.0,0.0,0.3499999999999999,genbank_nuccore,2026-05-14T20:06:33Z,624b94488266d3215f02635aa4a8c389118991810bfacb2806a1b71e6f1722f9,e56c94395e212c577036af0c3acea5e2b4c4c1b9b18cf35c56c534a38c612656,157e568c1214c031894fa0cb1f540966b0bd59e4df9f629778a6bfd2e725ee09,7599fd9b747484d48a7d6a5d7c770a93aff83e95a7f4f864af32559c7441492f,19352cd97aa1be8f5964222ec8623460119c66faad066b94d8177d9a5d80502e,47d8070d5f0772bfbb329edf796a10e4fd914d1e31d953e0d824f8c1978c644d,0f243aeac8ac6cf26f0417285b0bd33ac47f1b5bdb719fd3e0df37d03ea37110
Chile,CHL,18172757.699924648,0.0,0.0,0.0,346643.3580565518,0.019074890216468857,16902.0,346643.3580565518,0.019074890216468857,16902.0,28.0,28.0,0.0,0.0,0.0,14.0,14.0,2.0,2.0,12.0,0.0,3.0,2.0,26.0,0.35,genbank_nuccore,2026-05-14T20:06:33Z,624b94488266d3215f02635aa4a8c389118991810bfacb2806a1b71e6f1722f9,e56c94395e212c577036af0c3acea5e2b4c4c1b9b18cf35c56c534a38c612656,157e568c1214c031894fa0cb1f540966b0bd59e4df9f629778a6bfd2e725ee09,7599fd9b747484d48a7d6a5d7c770a93aff83e95a7f4f864af32559c7441492f,19352cd97aa1be8f5964222ec8623460119c66faad066b94d8177d9a5d80502e,47d8070d5f0772bfbb329edf796a10e4fd914d1e31d953e0d824f8c1978c644d,0f243aeac8ac6cf26f0417285b0bd33ac47f1b5bdb719fd3e0df37d03ea37110
Netherlands,NLD,17006440.51174167,0.0,0.0,0.0,241098.26129891071,0.014176879702278114,782.0,241098.26129891071,0.014176879702278114,782.0,6.0,6.0,0.0,0.0,0.0,0.0,0.0,0.0,0.0,0.0,0.0,0.0,0.0,6.0,0.3499999999999999,genbank_nuccore,2026-05-14T20:06:33Z,624b94488266d3215f02635aa4a8c389118991810bfacb2806a1b71e6f1722f9,e56c94395e212c577036af0c3acea5e2b4c4c1b9b18cf35c56c534a38c612656,157e568c1214c031894fa0cb1f540966b0bd59e4df9f629778a6bfd2e725ee09,7599fd9b747484d48a7d6a5d7c770a93aff83e95a7f4f864af32559c7441492f,19352cd97aa1be8f5964222ec8623460119c66faad066b94d8177d9a5d80502e,47d8070d5f0772bfbb329edf796a10e4fd914d1e31d953e0d824f8c1978c644d,0f243aeac8ac6cf26f0417285b0bd33ac47f1b5bdb719fd3e0df37d03ea37110
Belgium,BEL,11897120.53576336,0.0,0.0,0.0,239189.8822929496,0.02010485491627427,154.0,239189.8822929496,0.02010485491627427,154.0,123.0,123.0,0.0,0.0,0.0,4.0,4.0,0.0,0.0,4.0,0.0,4.0,0.0,123.0,0.35,genbank_nuccore,2026-05-14T20:06:33Z,624b94488266d3215f02635aa4a8c389118991810bfacb2806a1b71e6f1722f9,e56c94395e212c577036af0c3acea5e2b4c4c1b9b18cf35c56c534a38c612656,157e568c1214c031894fa0cb1f540966b0bd59e4df9f629778a6bfd2e725ee09,7599fd9b747484d48a7d6a5d7c770a93aff83e95a7f4f864af32559c7441492f,19352cd97aa1be8f5964222ec8623460119c66faad066b94d8177d9a5d80502e,47d8070d5f0772bfbb329edf796a10e4fd914d1e31d953e0d824f8c1978c644d,0f243aeac8ac6cf26f0417285b0bd33ac47f1b5bdb719fd3e0df37d03ea37110
Azerbaijan,AZE,10444968.304590061,0.0,0.0,0.0,163913.04252968915,0.015693014832573234,1652.0,163913.04252968915,0.015693014832573234,1652.0,0.0,0.0,0.0,0.0,0.0,0.0,0.0,0.0,0.0,0.0,0.0,0.0,0.0,0.0,,,2026-05-14T20:06:33Z,624b94488266d3215f02635aa4a8c389118991810bfacb2806a1b71e6f1722f9,e56c94395e212c577036af0c3acea5e2b4c4c1b9b18cf35c56c534a38c612656,157e568c1214c031894fa0cb1f540966b0bd59e4df9f629778a6bfd2e725ee09,7599fd9b747484d48a7d6a5d7c770a93aff83e95a7f4f864af32559c7441492f,19352cd97aa1be8f5964222ec8623460119c66faad066b94d8177d9a5d80502e,47d8070d5f0772bfbb329edf796a10e4fd914d1e31d953e0d824f8c1978c644d,0f243aeac8ac6cf26f0417285b0bd33ac47f1b5bdb719fd3e0df37d03ea37110
Hungary,HUN,9787406.042926073,0.0,0.0,0.0,80971.84516287595,0.008273064876203742,144.0,80971.84516287595,0.008273064876203742,144.0,48.0,48.0,0.0,0.0,0.0,16.0,16.0,1.0,1.0,14.0,1.0,12.0,1.0,47.0,0.3499999999999999,genbank_nuccore,2026-05-14T20:06:33Z,624b94488266d3215f02635aa4a8c389118991810bfacb2806a1b71e6f1722f9,e56c94395e212c577036af0c3acea5e2b4c4c1b9b18cf35c56c534a38c612656,157e568c1214c031894fa0cb1f540966b0bd59e4df9f629778a6bfd2e725ee09,7599fd9b747484d48a7d6a5d7c770a93aff83e95a7f4f864af32559c7441492f,19352cd97aa1be8f5964222ec8623460119c66faad066b94d8177d9a5d80502e,47d8070d5f0772bfbb329edf796a10e4fd914d1e31d953e0d824f8c1978c644d,0f243aeac8ac6cf26f0417285b0bd33ac47f1b5bdb719fd3e0df37d03ea37110
Brunei,BRN,536601.9625294678,0.0,0.0,0.0,61889.66937722918,0.11533627101453338,2627.0,61889.66937722918,0.11533627101453338,2627.0,0.0,0.0,0.0,0.0,0.0,0.0,0.0,0.0,0.0,0.0,0.0,0.0,0.0,0.0,,,2026-05-14T20:06:33Z,624b94488266d3215f02635aa4a8c389118991810bfacb2806a1b71e6f1722f9,e56c94395e212c577036af0c3acea5e2b4c4c1b9b18cf35c56c534a38c612656,157e568c1214c031894fa0cb1f540966b0bd59e4df9f629778a6bfd2e725ee09,7599fd9b747484d48a7d6a5d7c770a93aff83e95a7f4f864af32559c7441492f,19352cd97aa1be8f5964222ec8623460119c66faad066b94d8177d9a5d80502e,47d8070d5f0772bfbb329edf796a10e4fd914d1e31d953e0d824f8c1978c644d,0f243aeac8ac6cf26f0417285b0bd33ac47f1b5bdb719fd3e0df37d03ea37110
Nepal,NPL,29422041.43370033,0.0,0.0,0.0,18300.411386027932,0.0006219966560534593,5983.0,18300.411386027932,0.0006219966560534593,5983.0,0.0,0.0,0.0,0.0,0.0,0.0,0.0,0.0,0.0,0.0,0.0,0.0,0.0,0.0,,,2026-05-14T20:06:33Z,624b94488266d3215f02635aa4a8c389118991810bfacb2806a1b71e6f1722f9,e56c94395e212c577036af0c3acea5e2b4c4c1b9b18cf35c56c534a38c612656,157e568c1214c031894fa0cb1f540966b0bd59e4df9f629778a6bfd2e725ee09,7599fd9b747484d48a7d6a5d7c770a93aff83e95a7f4f864af32559c7441492f,19352cd97aa1be8f5964222ec8623460119c66faad066b94d8177d9a5d80502e,47d8070d5f0772bfbb329edf796a10e4fd914d1e31d953e0d824f8c1978c644d,0f243aeac8ac6cf26f0417285b0bd33ac47f1b5bdb719fd3e0df37d03ea37110
India,IND,1374810313.5436897,0.0,0.0,0.0,5826.604255523533,4.238115031669327e-06,5908.0,5826.604255523533,4.238115031669327e-06,5908.0,1.0,1.0,0.0,0.0,0.0,0.0,0.0,0.0,0.0,0.0,0.0,0.0,0.0,1.0,0.35,genbank_nuccore,2026-05-14T20:06:33Z,624b94488266d3215f02635aa4a8c389118991810bfacb2806a1b71e6f1722f9,e56c94395e212c577036af0c3acea5e2b4c4c1b9b18cf35c56c534a38c612656,157e568c1214c031894fa0cb1f540966b0bd59e4df9f629778a6bfd2e725ee09,7599fd9b747484d48a7d6a5d7c770a93aff83e95a7f4f864af32559c7441492f,19352cd97aa1be8f5964222ec8623460119c66faad066b94d8177d9a5d80502e,47d8070d5f0772bfbb329edf796a10e4fd914d1e31d953e0d824f8c1978c644d,0f243aeac8ac6cf26f0417285b0bd33ac47f1b5bdb719fd3e0df37d03ea37110
Armenia,ARM,2701872.645767191,0.0,0.0,0.0,5639.295135577675,0.002087180217177264,556.0,5639.295135577675,0.002087180217177264,556.0,0.0,0.0,0.0,0.0,0.0,0.0,0.0,0.0,0.0,0.0,0.0,0.0,0.0,0.0,,,2026-05-14T20:06:33Z,624b94488266d3215f02635aa4a8c389118991810bfacb2806a1b71e6f1722f9,e56c94395e212c577036af0c3acea5e2b4c4c1b9b18cf35c56c534a38c612656,157e568c1214c031894fa0cb1f540966b0bd59e4df9f629778a6bfd2e725ee09,7599fd9b747484d48a7d6a5d7c770a93aff83e95a7f4f864af32559c7441492f,19352cd97aa1be8f5964222ec8623460119c66faad066b94d8177d9a5d80502e,47d8070d5f0772bfbb329edf796a10e4fd914d1e31d953e0d824f8c1978c644d,0f243aeac8ac6cf26f0417285b0bd33ac47f1b5bdb719fd3e0df37d03ea37110
Uruguay,URY,2340677.440069218,0.0,0.0,0.0,4890.590066467528,0.002089390867253757,224.0,4890.590066467528,0.002089390867253757,224.0,22.0,22.0,0.0,0.0,0.0,5.0,5.0,0.0,0.0,5.0,0.0,4.0,0.0,22.0,0.35,genbank_nuccore,2026-05-14T20:06:33Z,624b94488266d3215f02635aa4a8c389118991810bfacb2806a1b71e6f1722f9,e56c94395e212c577036af0c3acea5e2b4c4c1b9b18cf35c56c534a38c612656,157e568c1214c031894fa0cb1f540966b0bd59e4df9f629778a6bfd2e725ee09,7599fd9b747484d48a7d6a5d7c770a93aff83e95a7f4f864af32559c7441492f,19352cd97aa1be8f5964222ec8623460119c66faad066b94d8177d9a5d80502e,47d8070d5f0772bfbb329edf796a10e4fd914d1e31d953e0d824f8c1978c644d,0f243aeac8ac6cf26f0417285b0bd33ac47f1b5bdb719fd3e0df37d03ea37110
Eritrea,ERI,3575159.194894647,0.0,0.0,0.0,4519.798129934818,0.0012642229012876185,607.0,4519.798129934818,0.0012642229012876185,607.0,0.0,0.0,0.0,0.0,0.0,0.0,0.0,0.0,0.0,0.0,0.0,0.0,0.0,0.0,,,2026-05-14T20:06:33Z,624b94488266d3215f02635aa4a8c389118991810bfacb2806a1b71e6f1722f9,e56c94395e212c577036af0c3acea5e2b4c4c1b9b18cf35c56c534a38c612656,157e568c1214c031894fa0cb1f540966b0bd59e4df9f629778a6bfd2e725ee09,7599fd9b747484d48a7d6a5d7c770a93aff83e95a7f4f864af32559c7441492f,19352cd97aa1be8f5964222ec8623460119c66faad066b94d8177d9a5d80502e,47d8070d5f0772bfbb329edf796a10e4fd914d1e31d953e0d824f8c1978c644d,0f243aeac8ac6cf26f0417285b0bd33ac47f1b5bdb719fd3e0df37d03ea37110
Slovenia,SVN,1971472.864629915,0.0,0.0,0.0,3211.199168574065,0.0016288325475769972,226.0,3211.199168574065,0.0016288325475769972,226.0,220.0,220.0,0.0,0.0,0.0,0.0,0.0,0.0,0.0,0.0,0.0,0.0,0.0,220.0,0.35,genbank_nuccore,2026-05-14T20:06:33Z,624b94488266d3215f02635aa4a8c389118991810bfacb2806a1b71e6f1722f9,e56c94395e212c577036af0c3acea5e2b4c4c1b9b18cf35c56c534a38c612656,157e568c1214c031894fa0cb1f540966b0bd59e4df9f629778a6bfd2e725ee09,7599fd9b747484d48a7d6a5d7c770a93aff83e95a7f4f864af32559c7441492f,19352cd97aa1be8f5964222ec8623460119c66faad066b94d8177d9a5d80502e,47d8070d5f0772bfbb329edf796a10e4fd914d1e31d953e0d824f8c1978c644d,0f243aeac8ac6cf26f0417285b0bd33ac47f1b5bdb719fd3e0df37d03ea37110
Laos,LAO,7449650.7431911975,0.0,0.0,0.0,2703.7772927377373,0.0003629401412152006,257.0,2703.7772927377373,0.0003629401412152006,257.0,1.0,1.0,0.0,0.0,0.0,0.0,0.0,0.0,0.0,0.0,0.0,0.0,0.0,1.0,0.35,genbank_nuccore,2026-05-14T20:06:33Z,624b94488266d3215f02635aa4a8c389118991810bfacb2806a1b71e6f1722f9,e56c94395e212c577036af0c3acea5e2b4c4c1b9b18cf35c56c534a38c612656,157e568c1214c031894fa0cb1f540966b0bd59e4df9f629778a6bfd2e725ee09,7599fd9b747484d48a7d6a5d7c770a93aff83e95a7f4f864af32559c7441492f,19352cd97aa1be8f5964222ec8623460119c66faad066b94d8177d9a5d80502e,47d8070d5f0772bfbb329edf796a10e4fd914d1e31d953e0d824f8c1978c644d,0f243aeac8ac6cf26f0417285b0bd33ac47f1b5bdb719fd3e0df37d03ea37110
Italy,ITA,57087980.45536321,0.0,0.0,0.0,1409.0132516506128,2.468143452284694e-05,367.0,1409.0132516506128,2.468143452284694e-05,367.0,4.0,4.0,0.0,0.0,0.0,0.0,0.0,0.0,0.0,0.0,0.0,0.0,0.0,4.0,0.35,"genbank_biosample,genbank_nuccore",2026-05-14T20:06:33Z,624b94488266d3215f02635aa4a8c389118991810bfacb2806a1b71e6f1722f9,e56c94395e212c577036af0c3acea5e2b4c4c1b9b18cf35c56c534a38c612656,157e568c1214c031894fa0cb1f540966b0bd59e4df9f629778a6bfd2e725ee09,7599fd9b747484d48a7d6a5d7c770a93aff83e95a7f4f864af32559c7441492f,19352cd97aa1be8f5964222ec8623460119c66faad066b94d8177d9a5d80502e,47d8070d5f0772bfbb329edf796a10e4fd914d1e31d953e0d824f8c1978c644d,0f243aeac8ac6cf26f0417285b0bd33ac47f1b5bdb719fd3e0df37d03ea37110
Bhutan,BTN,732312.577782463,0.0,0.0,0.0,1178.3283228725195,0.0016090510509059529,417.0,1178.3283228725195,0.0016090510509059529,417.0,0.0,0.0,0.0,0.0,0.0,0.0,0.0,0.0,0.0,0.0,0.0,0.0,0.0,0.0,,,2026-05-14T20:06:33Z,624b94488266d3215f02635aa4a8c389118991810bfacb2806a1b71e6f1722f9,e56c94395e212c577036af0c3acea5e2b4c4c1b9b18cf35c56c534a38c612656,157e568c1214c031894fa0cb1f540966b0bd59e4df9f629778a6bfd2e725ee09,7599fd9b747484d48a7d6a5d7c770a93aff83e95a7f4f864af32559c7441492f,19352cd97aa1be8f5964222ec8623460119c66faad066b94d8177d9a5d80502e,47d8070d5f0772bfbb329edf796a10e4fd914d1e31d953e0d824f8c1978c644d,0f243aeac8ac6cf26f0417285b0bd33ac47f1b5bdb719fd3e0df37d03ea37110
Tajikistan,TJK,9247725.965070412,0.0,0.0,0.0,1037.377103611827,0.00011217645370657655,973.0,1037.377103611827,0.00011217645370657655,973.0,0.0,0.0,0.0,0.0,0.0,0.0,0.0,0.0,0.0,0.0,0.0,0.0,0.0,0.0,,,2026-05-14T20:06:33Z,624b94488266d3215f02635aa4a8c389118991810bfacb2806a1b71e6f1722f9,e56c94395e212c577036af0c3acea5e2b4c4c1b9b18cf35c56c534a38c612656,157e568c1214c031894fa0cb1f540966b0bd59e4df9f629778a6bfd2e725ee09,7599fd9b747484d48a7d6a5d7c770a93aff83e95a7f4f864af32559c7441492f,19352cd97aa1be8f5964222ec8623460119c66faad066b94d8177d9a5d80502e,47d8070d5f0772bfbb329edf796a10e4fd914d1e31d953e0d824f8c1978c644d,0f243aeac8ac6cf26f0417285b0bd33ac47f1b5bdb719fd3e0df37d03ea37110
Afghanistan,AFG,39607686.4183909,0.0,0.0,0.0,359.69446993246675,9.081430966022067e-06,1247.0,359.69446993246675,9.081430966022067e-06,1247.0,0.0,0.0,0.0,0.0,0.0,0.0,0.0,0.0,0.0,0.0,0.0,0.0,0.0,0.0,,,2026-05-14T20:06:33Z,624b94488266d3215f02635aa4a8c389118991810bfacb2806a1b71e6f1722f9,e56c94395e212c577036af0c3acea5e2b4c4c1b9b18cf35c56c534a38c612656,157e568c1214c031894fa0cb1f540966b0bd59e4df9f629778a6bfd2e725ee09,7599fd9b747484d48a7d6a5d7c770a93aff83e95a7f4f864af32559c7441492f,19352cd97aa1be8f5964222ec8623460119c66faad066b94d8177d9a5d80502e,47d8070d5f0772bfbb329edf796a10e4fd914d1e31d953e0d824f8c1978c644d,0f243aeac8ac6cf26f0417285b0bd33ac47f1b5bdb719fd3e0df37d03ea37110
Pakistan,PAK,223174959.04508185,0.0,0.0,0.0,142.44457843899727,6.382641630068503e-07,3275.0,142.44457843899727,6.382641630068503e-07,3275.0,0.0,0.0,0.0,0.0,0.0,0.0,0.0,0.0,0.0,0.0,0.0,0.0,0.0,0.0,,,2026-05-14T20:06:33Z,624b94488266d3215f02635aa4a8c389118991810bfacb2806a1b71e6f1722f9,e56c94395e212c577036af0c3acea5e2b4c4c1b9b18cf35c56c534a38c612656,157e568c1214c031894fa0cb1f540966b0bd59e4df9f629778a6bfd2e725ee09,7599fd9b747484d48a7d6a5d7c770a93aff83e95a7f4f864af32559c7441492f,19352cd97aa1be8f5964222ec8623460119c66faad066b94d8177d9a5d80502e,47d8070d5f0772bfbb329edf796a10e4fd914d1e31d953e0d824f8c1978c644d,0f243aeac8ac6cf26f0417285b0bd33ac47f1b5bdb719fd3e0df37d03ea37110
Kyrgyzstan,KGZ,6377345.9083837755,0.0,0.0,0.0,108.8130222465843,1.7062430642743827e-05,776.0,108.8130222465843,1.7062430642743827e-05,776.0,0.0,0.0,0.0,0.0,0.0,0.0,0.0,0.0,0.0,0.0,0.0,0.0,0.0,0.0,,,2026-05-14T20:06:33Z,624b94488266d3215f02635aa4a8c389118991810bfacb2806a1b71e6f1722f9,e56c94395e212c577036af0c3acea5e2b4c4c1b9b18cf35c56c534a38c612656,157e568c1214c031894fa0cb1f540966b0bd59e4df9f629778a6bfd2e725ee09,7599fd9b747484d48a7d6a5d7c770a93aff83e95a7f4f864af32559c7441492f,19352cd97aa1be8f5964222ec8623460119c66faad066b94d8177d9a5d80502e,47d8070d5f0772bfbb329edf796a10e4fd914d1e31d953e0d824f8c1978c644d,0f243aeac8ac6cf26f0417285b0bd33ac47f1b5bdb719fd3e0df37d03ea37110
Norway,NOR,4533552.555869274,0.0,0.0,0.0,8.591993473470211,1.8952010300060946e-06,442.0,8.591993473470211,1.8952010300060946e-06,442.0,1.0,1.0,0.0,0.0,0.0,0.0,0.0,0.0,0.0,0.0,0.0,0.0,0.0,1.0,0.35,genbank_nuccore,2026-05-14T20:06:33Z,624b94488266d3215f02635aa4a8c389118991810bfacb2806a1b71e6f1722f9,e56c94395e212c577036af0c3acea5e2b4c4c1b9b18cf35c56c534a38c612656,157e568c1214c031894fa0cb1f540966b0bd59e4df9f629778a6bfd2e725ee09,7599fd9b747484d48a7d6a5d7c770a93aff83e95a7f4f864af32559c7441492f,19352cd97aa1be8f5964222ec8623460119c66faad066b94d8177d9a5d80502e,47d8070d5f0772bfbb329edf796a10e4fd914d1e31d953e0d824f8c1978c644d,0f243aeac8ac6cf26f0417285b0bd33ac47f1b5bdb719fd3e0df37d03ea37110
__missing_country__,UNK,0.0,0.0,,0.0,0.0,,0.0,0.0,,0.0,310.0,310.0,310.0,310.0,67.0,0.0,0.0,0.0,0.0,0.0,0.0,0.0,0.0,0.0,1.0,genbank_nuccore,2026-05-14T20:06:33Z,624b94488266d3215f02635aa4a8c389118991810bfacb2806a1b71e6f1722f9,e56c94395e212c577036af0c3acea5e2b4c4c1b9b18cf35c56c534a38c612656,157e568c1214c031894fa0cb1f540966b0bd59e4df9f629778a6bfd2e725ee09,7599fd9b747484d48a7d6a5d7c770a93aff83e95a7f4f864af32559c7441492f,19352cd97aa1be8f5964222ec8623460119c66faad066b94d8177d9a5d80502e,47d8070d5f0772bfbb329edf796a10e4fd914d1e31d953e0d824f8c1978c644d,0f243aeac8ac6cf26f0417285b0bd33ac47f1b5bdb719fd3e0df37d03ea37110
Turkey,TUR,72754661.92134134,0.0,0.0,0.0,0.0,0.0,0.0,0.0,0.0,0.0,83.0,83.0,0.0,0.0,0.0,0.0,0.0,0.0,0.0,0.0,0.0,0.0,0.0,83.0,0.35,genbank_nuccore,2026-05-14T20:06:33Z,624b94488266d3215f02635aa4a8c389118991810bfacb2806a1b71e6f1722f9,e56c94395e212c577036af0c3acea5e2b4c4c1b9b18cf35c56c534a38c612656,157e568c1214c031894fa0cb1f540966b0bd59e4df9f629778a6bfd2e725ee09,7599fd9b747484d48a7d6a5d7c770a93aff83e95a7f4f864af32559c7441492f,19352cd97aa1be8f5964222ec8623460119c66faad066b94d8177d9a5d80502e,47d8070d5f0772bfbb329edf796a10e4fd914d1e31d953e0d824f8c1978c644d,0f243aeac8ac6cf26f0417285b0bd33ac47f1b5bdb719fd3e0df37d03ea37110
Croatia,HRV,3913553.691432003,0.0,0.0,0.0,0.0,0.0,0.0,0.0,0.0,0.0,60.0,60.0,0.0,0.0,0.0,0.0,0.0,0.0,0.0,0.0,0.0,0.0,0.0,60.0,0.35,genbank_nuccore,2026-05-14T20:06:33Z,624b94488266d3215f02635aa4a8c389118991810bfacb2806a1b71e6f1722f9,e56c94395e212c577036af0c3acea5e2b4c4c1b9b18cf35c56c534a38c612656,157e568c1214c031894fa0cb1f540966b0bd59e4df9f629778a6bfd2e725ee09,7599fd9b747484d48a7d6a5d7c770a93aff83e95a7f4f864af32559c7441492f,19352cd97aa1be8f5964222ec8623460119c66faad066b94d8177d9a5d80502e,47d8070d5f0772bfbb329edf796a10e4fd914d1e31d953e0d824f8c1978c644d,0f243aeac8ac6cf26f0417285b0bd33ac47f1b5bdb719fd3e0df37d03ea37110
Republic of Serbia,SRB,7328773.949490247,0.0,0.0,0.0,0.0,0.0,0.0,0.0,0.0,0.0,40.0,40.0,0.0,0.0,0.0,0.0,0.0,0.0,0.0,0.0,0.0,0.0,0.0,40.0,0.35,genbank_nuccore,2026-05-14T20:06:33Z,624b94488266d3215f02635aa4a8c389118991810bfacb2806a1b71e6f1722f9,e56c94395e212c577036af0c3acea5e2b4c4c1b9b18cf35c56c534a38c612656,157e568c1214c031894fa0cb1f540966b0bd59e4df9f629778a6bfd2e725ee09,7599fd9b747484d48a7d6a5d7c770a93aff83e95a7f4f864af32559c7441492f,19352cd97aa1be8f5964222ec8623460119c66faad066b94d8177d9a5d80502e,47d8070d5f0772bfbb329edf796a10e4fd914d1e31d953e0d824f8c1978c644d,0f243aeac8ac6cf26f0417285b0bd33ac47f1b5bdb719fd3e0df37d03ea37110
Greece,GRC,9519949.96683944,0.0,0.0,0.0,0.0,0.0,0.0,0.0,0.0,0.0,27.0,27.0,0.0,0.0,0.0,0.0,0.0,0.0,0.0,0.0,0.0,0.0,0.0,27.0,0.35,genbank_nuccore,2026-05-14T20:06:33Z,624b94488266d3215f02635aa4a8c389118991810bfacb2806a1b71e6f1722f9,e56c94395e212c577036af0c3acea5e2b4c4c1b9b18cf35c56c534a38c612656,157e568c1214c031894fa0cb1f540966b0bd59e4df9f629778a6bfd2e725ee09,7599fd9b747484d48a7d6a5d7c770a93aff83e95a7f4f864af32559c7441492f,19352cd97aa1be8f5964222ec8623460119c66faad066b94d8177d9a5d80502e,47d8070d5f0772bfbb329edf796a10e4fd914d1e31d953e0d824f8c1978c644d,0f243aeac8ac6cf26f0417285b0bd33ac47f1b5bdb719fd3e0df37d03ea37110
Sri Lanka,LKA,18859164.238443643,0.0,0.0,0.0,0.0,0.0,0.0,0.0,0.0,0.0,20.0,20.0,0.0,0.0,0.0,0.0,0.0,0.0,0.0,0.0,0.0,0.0,0.0,20.0,0.35,genbank_nuccore,2026-05-14T20:06:33Z,624b94488266d3215f02635aa4a8c389118991810bfacb2806a1b71e6f1722f9,e56c94395e212c577036af0c3acea5e2b4c4c1b9b18cf35c56c534a38c612656,157e568c1214c031894fa0cb1f540966b0bd59e4df9f629778a6bfd2e725ee09,7599fd9b747484d48a7d6a5d7c770a93aff83e95a7f4f864af32559c7441492f,19352cd97aa1be8f5964222ec8623460119c66faad066b94d8177d9a5d80502e,47d8070d5f0772bfbb329edf796a10e4fd914d1e31d953e0d824f8c1978c644d,0f243aeac8ac6cf26f0417285b0bd33ac47f1b5bdb719fd3e0df37d03ea37110
Thailand,THA,69877004.59466949,0.0,0.0,0.0,0.0,0.0,0.0,0.0,0.0,0.0,20.0,20.0,0.0,0.0,0.0,0.0,0.0,0.0,0.0,0.0,0.0,0.0,0.0,20.0,0.35,genbank_nuccore,2026-05-14T20:06:33Z,624b94488266d3215f02635aa4a8c389118991810bfacb2806a1b71e6f1722f9,e56c94395e212c577036af0c3acea5e2b4c4c1b9b18cf35c56c534a38c612656,157e568c1214c031894fa0cb1f540966b0bd59e4df9f629778a6bfd2e725ee09,7599fd9b747484d48a7d6a5d7c770a93aff83e95a7f4f864af32559c7441492f,19352cd97aa1be8f5964222ec8623460119c66faad066b94d8177d9a5d80502e,47d8070d5f0772bfbb329edf796a10e4fd914d1e31d953e0d824f8c1978c644d,0f243aeac8ac6cf26f0417285b0bd33ac47f1b5bdb719fd3e0df37d03ea37110
Guinea,GIN,13095645.76186553,0.0,0.0,0.0,0.0,0.0,0.0,0.0,0.0,0.0,16.0,16.0,0.0,0.0,0.0,1.0,1.0,0.0,0.0,1.0,0.0,1.0,0.0,16.0,0.35,genbank_nuccore,2026-05-14T20:06:33Z,624b94488266d3215f02635aa4a8c389118991810bfacb2806a1b71e6f1722f9,e56c94395e212c577036af0c3acea5e2b4c4c1b9b18cf35c56c534a38c612656,157e568c1214c031894fa0cb1f540966b0bd59e4df9f629778a6bfd2e725ee09,7599fd9b747484d48a7d6a5d7c770a93aff83e95a7f4f864af32559c7441492f,19352cd97aa1be8f5964222ec8623460119c66faad066b94d8177d9a5d80502e,47d8070d5f0772bfbb329edf796a10e4fd914d1e31d953e0d824f8c1978c644d,0f243aeac8ac6cf26f0417285b0bd33ac47f1b5bdb719fd3e0df37d03ea37110
Senegal,SEN,15978854.708623461,0.0,0.0,0.0,0.0,0.0,0.0,0.0,0.0,0.0,14.0,14.0,0.0,0.0,0.0,0.0,0.0,0.0,0.0,0.0,0.0,0.0,0.0,14.0,0.35,genbank_nuccore,2026-05-14T20:06:33Z,624b94488266d3215f02635aa4a8c389118991810bfacb2806a1b71e6f1722f9,e56c94395e212c577036af0c3acea5e2b4c4c1b9b18cf35c56c534a38c612656,157e568c1214c031894fa0cb1f540966b0bd59e4df9f629778a6bfd2e725ee09,7599fd9b747484d48a7d6a5d7c770a93aff83e95a7f4f864af32559c7441492f,19352cd97aa1be8f5964222ec8623460119c66faad066b94d8177d9a5d80502e,47d8070d5f0772bfbb329edf796a10e4fd914d1e31d953e0d824f8c1978c644d,0f243aeac8ac6cf26f0417285b0bd33ac47f1b5bdb719fd3e0df37d03ea37110
United Republic of Tanzania,TZA,58139036.08803212,0.0,0.0,0.0,0.0,0.0,0.0,0.0,0.0,0.0,14.0,14.0,0.0,0.0,0.0,0.0,0.0,0.0,0.0,0.0,0.0,0.0,0.0,14.0,0.35,genbank_nuccore,2026-05-14T20:06:33Z,624b94488266d3215f02635aa4a8c389118991810bfacb2806a1b71e6f1722f9,e56c94395e212c577036af0c3acea5e2b4c4c1b9b18cf35c56c534a38c612656,157e568c1214c031894fa0cb1f540966b0bd59e4df9f629778a6bfd2e725ee09,7599fd9b747484d48a7d6a5d7c770a93aff83e95a7f4f864af32559c7441492f,19352cd97aa1be8f5964222ec8623460119c66faad066b94d8177d9a5d80502e,47d8070d5f0772bfbb329edf796a10e4fd914d1e31d953e0d824f8c1978c644d,0f243aeac8ac6cf26f0417285b0bd33ac47f1b5bdb719fd3e0df37d03ea37110
Bulgaria,BGR,6908666.787872796,0.0,0.0,0.0,0.0,0.0,0.0,0.0,0.0,0.0,13.0,13.0,0.0,0.0,0.0,0.0,0.0,0.0,0.0,0.0,0.0,0.0,0.0,13.0,0.35,genbank_nuccore,2026-05-14T20:06:33Z,624b94488266d3215f02635aa4a8c389118991810bfacb2806a1b71e6f1722f9,e56c94395e212c577036af0c3acea5e2b4c4c1b9b18cf35c56c534a38c612656,157e568c1214c031894fa0cb1f540966b0bd59e4df9f629778a6bfd2e725ee09,7599fd9b747484d48a7d6a5d7c770a93aff83e95a7f4f864af32559c7441492f,19352cd97aa1be8f5964222ec8623460119c66faad066b94d8177d9a5d80502e,47d8070d5f0772bfbb329edf796a10e4fd914d1e31d953e0d824f8c1978c644d,0f243aeac8ac6cf26f0417285b0bd33ac47f1b5bdb719fd3e0df37d03ea37110
Venezuela,VEN,26042209.22452961,0.0,0.0,0.0,0.0,0.0,0.0,0.0,0.0,0.0,12.0,12.0,0.0,0.0,0.0,0.0,0.0,0.0,0.0,0.0,0.0,0.0,0.0,12.0,0.3499999999999999,genbank_nuccore,2026-05-14T20:06:33Z,624b94488266d3215f02635aa4a8c389118991810bfacb2806a1b71e6f1722f9,e56c94395e212c577036af0c3acea5e2b4c4c1b9b18cf35c56c534a38c612656,157e568c1214c031894fa0cb1f540966b0bd59e4df9f629778a6bfd2e725ee09,7599fd9b747484d48a7d6a5d7c770a93aff83e95a7f4f864af32559c7441492f,19352cd97aa1be8f5964222ec8623460119c66faad066b94d8177d9a5d80502e,47d8070d5f0772bfbb329edf796a10e4fd914d1e31d953e0d824f8c1978c644d,0f243aeac8ac6cf26f0417285b0bd33ac47f1b5bdb719fd3e0df37d03ea37110
Albania,ALB,2848354.594812045,0.0,0.0,0.0,0.0,0.0,0.0,0.0,0.0,0.0,10.0,10.0,0.0,0.0,0.0,0.0,0.0,0.0,0.0,0.0,0.0,0.0,0.0,10.0,0.35,genbank_nuccore,2026-05-14T20:06:33Z,624b94488266d3215f02635aa4a8c389118991810bfacb2806a1b71e6f1722f9,e56c94395e212c577036af0c3acea5e2b4c4c1b9b18cf35c56c534a38c612656,157e568c1214c031894fa0cb1f540966b0bd59e4df9f629778a6bfd2e725ee09,7599fd9b747484d48a7d6a5d7c770a93aff83e95a7f4f864af32559c7441492f,19352cd97aa1be8f5964222ec8623460119c66faad066b94d8177d9a5d80502e,47d8070d5f0772bfbb329edf796a10e4fd914d1e31d953e0d824f8c1978c644d,0f243aeac8ac6cf26f0417285b0bd33ac47f1b5bdb719fd3e0df37d03ea37110
Spain,ESP,42827138.110696934,0.0,0.0,0.0,0.0,0.0,0.0,0.0,0.0,0.0,7.0,7.0,0.0,0.0,0.0,7.0,7.0,0.0,0.0,7.0,0.0,4.0,0.0,7.0,0.35,genbank_biosample,2026-05-14T20:06:33Z,624b94488266d3215f02635aa4a8c389118991810bfacb2806a1b71e6f1722f9,e56c94395e212c577036af0c3acea5e2b4c4c1b9b18cf35c56c534a38c612656,157e568c1214c031894fa0cb1f540966b0bd59e4df9f629778a6bfd2e725ee09,7599fd9b747484d48a7d6a5d7c770a93aff83e95a7f4f864af32559c7441492f,19352cd97aa1be8f5964222ec8623460119c66faad066b94d8177d9a5d80502e,47d8070d5f0772bfbb329edf796a10e4fd914d1e31d953e0d824f8c1978c644d,0f243aeac8ac6cf26f0417285b0bd33ac47f1b5bdb719fd3e0df37d03ea37110
Peru,PER,32739530.467124015,0.0,0.0,0.0,0.0,0.0,0.0,0.0,0.0,0.0,5.0,5.0,0.0,0.0,0.0,0.0,0.0,0.0,0.0,0.0,0.0,0.0,0.0,5.0,0.35,genbank_nuccore,2026-05-14T20:06:33Z,624b94488266d3215f02635aa4a8c389118991810bfacb2806a1b71e6f1722f9,e56c94395e212c577036af0c3acea5e2b4c4c1b9b18cf35c56c534a38c612656,157e568c1214c031894fa0cb1f540966b0bd59e4df9f629778a6bfd2e725ee09,7599fd9b747484d48a7d6a5d7c770a93aff83e95a7f4f864af32559c7441492f,19352cd97aa1be8f5964222ec8623460119c66faad066b94d8177d9a5d80502e,47d8070d5f0772bfbb329edf796a10e4fd914d1e31d953e0d824f8c1978c644d,0f243aeac8ac6cf26f0417285b0bd33ac47f1b5bdb719fd3e0df37d03ea37110
Kenya,KEN,51238302.059229165,0.0,0.0,0.0,0.0,0.0,0.0,0.0,0.0,0.0,4.0,4.0,0.0,0.0,0.0,4.0,4.0,0.0,0.0,4.0,0.0,1.0,0.0,4.0,0.35,genbank_nuccore,2026-05-14T20:06:33Z,624b94488266d3215f02635aa4a8c389118991810bfacb2806a1b71e6f1722f9,e56c94395e212c577036af0c3acea5e2b4c4c1b9b18cf35c56c534a38c612656,157e568c1214c031894fa0cb1f540966b0bd59e4df9f629778a6bfd2e725ee09,7599fd9b747484d48a7d6a5d7c770a93aff83e95a7f4f864af32559c7441492f,19352cd97aa1be8f5964222ec8623460119c66faad066b94d8177d9a5d80502e,47d8070d5f0772bfbb329edf796a10e4fd914d1e31d953e0d824f8c1978c644d,0f243aeac8ac6cf26f0417285b0bd33ac47f1b5bdb719fd3e0df37d03ea37110
Kosovo,KOS,1633296.727974276,0.0,0.0,0.0,0.0,0.0,0.0,0.0,0.0,0.0,3.0,3.0,0.0,0.0,0.0,0.0,0.0,0.0,0.0,0.0,0.0,0.0,0.0,3.0,0.3499999999999999,genbank_nuccore,2026-05-14T20:06:33Z,624b94488266d3215f02635aa4a8c389118991810bfacb2806a1b71e6f1722f9,e56c94395e212c577036af0c3acea5e2b4c4c1b9b18cf35c56c534a38c612656,157e568c1214c031894fa0cb1f540966b0bd59e4df9f629778a6bfd2e725ee09,7599fd9b747484d48a7d6a5d7c770a93aff83e95a7f4f864af32559c7441492f,19352cd97aa1be8f5964222ec8623460119c66faad066b94d8177d9a5d80502e,47d8070d5f0772bfbb329edf796a10e4fd914d1e31d953e0d824f8c1978c644d,0f243aeac8ac6cf26f0417285b0bd33ac47f1b5bdb719fd3e0df37d03ea37110
Antarctica,ATA,0.0,0.0,,0.0,0.0,,0.0,0.0,,0.0,2.0,2.0,0.0,0.0,0.0,0.0,0.0,0.0,0.0,0.0,0.0,0.0,0.0,2.0,0.35,genbank_nuccore,2026-05-14T20:06:33Z,624b94488266d3215f02635aa4a8c389118991810bfacb2806a1b71e6f1722f9,e56c94395e212c577036af0c3acea5e2b4c4c1b9b18cf35c56c534a38c612656,157e568c1214c031894fa0cb1f540966b0bd59e4df9f629778a6bfd2e725ee09,7599fd9b747484d48a7d6a5d7c770a93aff83e95a7f4f864af32559c7441492f,19352cd97aa1be8f5964222ec8623460119c66faad066b94d8177d9a5d80502e,47d8070d5f0772bfbb329edf796a10e4fd914d1e31d953e0d824f8c1978c644d,0f243aeac8ac6cf26f0417285b0bd33ac47f1b5bdb719fd3e0df37d03ea37110
Luxembourg,LUX,664626.5986093062,0.0,0.0,0.0,0.0,0.0,0.0,0.0,0.0,0.0,2.0,2.0,0.0,0.0,0.0,0.0,0.0,0.0,0.0,0.0,0.0,0.0,0.0,2.0,0.35,genbank_nuccore,2026-05-14T20:06:33Z,624b94488266d3215f02635aa4a8c389118991810bfacb2806a1b71e6f1722f9,e56c94395e212c577036af0c3acea5e2b4c4c1b9b18cf35c56c534a38c612656,157e568c1214c031894fa0cb1f540966b0bd59e4df9f629778a6bfd2e725ee09,7599fd9b747484d48a7d6a5d7c770a93aff83e95a7f4f864af32559c7441492f,19352cd97aa1be8f5964222ec8623460119c66faad066b94d8177d9a5d80502e,47d8070d5f0772bfbb329edf796a10e4fd914d1e31d953e0d824f8c1978c644d,0f243aeac8ac6cf26f0417285b0bd33ac47f1b5bdb719fd3e0df37d03ea37110
Romania,ROU,19638706.432647407,0.0,0.0,0.0,0.0,0.0,0.0,0.0,0.0,0.0,2.0,2.0,0.0,0.0,0.0,0.0,0.0,0.0,0.0,0.0,0.0,0.0,0.0,2.0,0.35,genbank_nuccore,2026-05-14T20:06:33Z,624b94488266d3215f02635aa4a8c389118991810bfacb2806a1b71e6f1722f9,e56c94395e212c577036af0c3acea5e2b4c4c1b9b18cf35c56c534a38c612656,157e568c1214c031894fa0cb1f540966b0bd59e4df9f629778a6bfd2e725ee09,7599fd9b747484d48a7d6a5d7c770a93aff83e95a7f4f864af32559c7441492f,19352cd97aa1be8f5964222ec8623460119c66faad066b94d8177d9a5d80502e,47d8070d5f0772bfbb329edf796a10e4fd914d1e31d953e0d824f8c1978c644d,0f243aeac8ac6cf26f0417285b0bd33ac47f1b5bdb719fd3e0df37d03ea37110
Benin,BEN,12108802.626289092,0.0,0.0,0.0,0.0,0.0,0.0,0.0,0.0,0.0,1.0,1.0,0.0,0.0,0.0,0.0,0.0,0.0,0.0,0.0,0.0,0.0,0.0,1.0,0.35,genbank_nuccore,2026-05-14T20:06:33Z,624b94488266d3215f02635aa4a8c389118991810bfacb2806a1b71e6f1722f9,e56c94395e212c577036af0c3acea5e2b4c4c1b9b18cf35c56c534a38c612656,157e568c1214c031894fa0cb1f540966b0bd59e4df9f629778a6bfd2e725ee09,7599fd9b747484d48a7d6a5d7c770a93aff83e95a7f4f864af32559c7441492f,19352cd97aa1be8f5964222ec8623460119c66faad066b94d8177d9a5d80502e,47d8070d5f0772bfbb329edf796a10e4fd914d1e31d953e0d824f8c1978c644d,0f243aeac8ac6cf26f0417285b0bd33ac47f1b5bdb719fd3e0df37d03ea37110
Democratic Republic of the Congo,COD,93991128.1257594,0.0,0.0,0.0,0.0,0.0,0.0,0.0,0.0,0.0,1.0,1.0,0.0,0.0,0.0,0.0,0.0,0.0,0.0,0.0,0.0,0.0,0.0,1.0,0.35,genbank_nuccore,2026-05-14T20:06:33Z,624b94488266d3215f02635aa4a8c389118991810bfacb2806a1b71e6f1722f9,e56c94395e212c577036af0c3acea5e2b4c4c1b9b18cf35c56c534a38c612656,157e568c1214c031894fa0cb1f540966b0bd59e4df9f629778a6bfd2e725ee09,7599fd9b747484d48a7d6a5d7c770a93aff83e95a7f4f864af32559c7441492f,19352cd97aa1be8f5964222ec8623460119c66faad066b94d8177d9a5d80502e,47d8070d5f0772bfbb329edf796a10e4fd914d1e31d953e0d824f8c1978c644d,0f243aeac8ac6cf26f0417285b0bd33ac47f1b5bdb719fd3e0df37d03ea37110
Gabon,GAB,2227334.505899843,0.0,0.0,0.0,0.0,0.0,0.0,0.0,0.0,0.0,1.0,1.0,0.0,0.0,0.0,0.0,0.0,0.0,0.0,0.0,0.0,0.0,0.0,1.0,0.35,genbank_nuccore,2026-05-14T20:06:33Z,624b94488266d3215f02635aa4a8c389118991810bfacb2806a1b71e6f1722f9,e56c94395e212c577036af0c3acea5e2b4c4c1b9b18cf35c56c534a38c612656,157e568c1214c031894fa0cb1f540966b0bd59e4df9f629778a6bfd2e725ee09,7599fd9b747484d48a7d6a5d7c770a93aff83e95a7f4f864af32559c7441492f,19352cd97aa1be8f5964222ec8623460119c66faad066b94d8177d9a5d80502e,47d8070d5f0772bfbb329edf796a10e4fd914d1e31d953e0d824f8c1978c644d,0f243aeac8ac6cf26f0417285b0bd33ac47f1b5bdb719fd3e0df37d03ea37110
Honduras,HND,9765032.079167303,0.0,0.0,0.0,0.0,0.0,0.0,0.0,0.0,0.0,1.0,1.0,0.0,0.0,0.0,0.0,0.0,0.0,0.0,0.0,0.0,0.0,0.0,1.0,0.35,genbank_nuccore,2026-05-14T20:06:33Z,624b94488266d3215f02635aa4a8c389118991810bfacb2806a1b71e6f1722f9,e56c94395e212c577036af0c3acea5e2b4c4c1b9b18cf35c56c534a38c612656,157e568c1214c031894fa0cb1f540966b0bd59e4df9f629778a6bfd2e725ee09,7599fd9b747484d48a7d6a5d7c770a93aff83e95a7f4f864af32559c7441492f,19352cd97aa1be8f5964222ec8623460119c66faad066b94d8177d9a5d80502e,47d8070d5f0772bfbb329edf796a10e4fd914d1e31d953e0d824f8c1978c644d,0f243aeac8ac6cf26f0417285b0bd33ac47f1b5bdb719fd3e0df37d03ea37110
Sierra Leone,SLE,6689134.0845491355,0.0,0.0,0.0,0.0,0.0,0.0,0.0,0.0,0.0,1.0,1.0,0.0,0.0,0.0,0.0,0.0,0.0,0.0,0.0,0.0,0.0,0.0,1.0,0.35,genbank_nuccore,2026-05-14T20:06:33Z,624b94488266d3215f02635aa4a8c389118991810bfacb2806a1b71e6f1722f9,e56c94395e212c577036af0c3acea5e2b4c4c1b9b18cf35c56c534a38c612656,157e568c1214c031894fa0cb1f540966b0bd59e4df9f629778a6bfd2e725ee09,7599fd9b747484d48a7d6a5d7c770a93aff83e95a7f4f864af32559c7441492f,19352cd97aa1be8f5964222ec8623460119c66faad066b94d8177d9a5d80502e,47d8070d5f0772bfbb329edf796a10e4fd914d1e31d953e0d824f8c1978c644d,0f243aeac8ac6cf26f0417285b0bd33ac47f1b5bdb719fd3e0df37d03ea37110
Algeria,DZA,42366624.785827145,0.0,0.0,0.0,0.0,0.0,0.0,0.0,0.0,0.0,0.0,0.0,0.0,0.0,0.0,0.0,0.0,0.0,0.0,0.0,0.0,0.0,0.0,0.0,,,2026-05-14T20:06:33Z,624b94488266d3215f02635aa4a8c389118991810bfacb2806a1b71e6f1722f9,e56c94395e212c577036af0c3acea5e2b4c4c1b9b18cf35c56c534a38c612656,157e568c1214c031894fa0cb1f540966b0bd59e4df9f629778a6bfd2e725ee09,7599fd9b747484d48a7d6a5d7c770a93aff83e95a7f4f864af32559c7441492f,19352cd97aa1be8f5964222ec8623460119c66faad066b94d8177d9a5d80502e,47d8070d5f0772bfbb329edf796a10e4fd914d1e31d953e0d824f8c1978c644d,0f243aeac8ac6cf26f0417285b0bd33ac47f1b5bdb719fd3e0df37d03ea37110
Angola,AGO,33059739.82703263,0.0,0.0,0.0,0.0,0.0,0.0,0.0,0.0,0.0,0.0,0.0,0.0,0.0,0.0,0.0,0.0,0.0,0.0,0.0,0.0,0.0,0.0,0.0,,,2026-05-14T20:06:33Z,624b94488266d3215f02635aa4a8c389118991810bfacb2806a1b71e6f1722f9,e56c94395e212c577036af0c3acea5e2b4c4c1b9b18cf35c56c534a38c612656,157e568c1214c031894fa0cb1f540966b0bd59e4df9f629778a6bfd2e725ee09,7599fd9b747484d48a7d6a5d7c770a93aff83e95a7f4f864af32559c7441492f,19352cd97aa1be8f5964222ec8623460119c66faad066b94d8177d9a5d80502e,47d8070d5f0772bfbb329edf796a10e4fd914d1e31d953e0d824f8c1978c644d,0f243aeac8ac6cf26f0417285b0bd33ac47f1b5bdb719fd3e0df37d03ea37110
Bangladesh,BGD,161158929.78827482,0.0,0.0,0.0,0.0,0.0,0.0,0.0,0.0,0.0,0.0,0.0,0.0,0.0,0.0,0.0,0.0,0.0,0.0,0.0,0.0,0.0,0.0,0.0,,,2026-05-14T20:06:33Z,624b94488266d3215f02635aa4a8c389118991810bfacb2806a1b71e6f1722f9,e56c94395e212c577036af0c3acea5e2b4c4c1b9b18cf35c56c534a38c612656,157e568c1214c031894fa0cb1f540966b0bd59e4df9f629778a6bfd2e725ee09,7599fd9b747484d48a7d6a5d7c770a93aff83e95a7f4f864af32559c7441492f,19352cd97aa1be8f5964222ec8623460119c66faad066b94d8177d9a5d80502e,47d8070d5f0772bfbb329edf796a10e4fd914d1e31d953e0d824f8c1978c644d,0f243aeac8ac6cf26f0417285b0bd33ac47f1b5bdb719fd3e0df37d03ea37110
Bosnia and Herzegovina,BIH,3235095.1087885816,0.0,0.0,0.0,0.0,0.0,0.0,0.0,0.0,0.0,0.0,0.0,0.0,0.0,0.0,0.0,0.0,0.0,0.0,0.0,0.0,0.0,0.0,0.0,,,2026-05-14T20:06:33Z,624b94488266d3215f02635aa4a8c389118991810bfacb2806a1b71e6f1722f9,e56c94395e212c577036af0c3acea5e2b4c4c1b9b18cf35c56c534a38c612656,157e568c1214c031894fa0cb1f540966b0bd59e4df9f629778a6bfd2e725ee09,7599fd9b747484d48a7d6a5d7c770a93aff83e95a7f4f864af32559c7441492f,19352cd97aa1be8f5964222ec8623460119c66faad066b94d8177d9a5d80502e,47d8070d5f0772bfbb329edf796a10e4fd914d1e31d953e0d824f8c1978c644d,0f243aeac8ac6cf26f0417285b0bd33ac47f1b5bdb719fd3e0df37d03ea37110
Botswana,BWA,2558465.8761775712,0.0,0.0,0.0,0.0,0.0,0.0,0.0,0.0,0.0,0.0,0.0,0.0,0.0,0.0,0.0,0.0,0.0,0.0,0.0,0.0,0.0,0.0,0.0,,,2026-05-14T20:06:33Z,624b94488266d3215f02635aa4a8c389118991810bfacb2806a1b71e6f1722f9,e56c94395e212c577036af0c3acea5e2b4c4c1b9b18cf35c56c534a38c612656,157e568c1214c031894fa0cb1f540966b0bd59e4df9f629778a6bfd2e725ee09,7599fd9b747484d48a7d6a5d7c770a93aff83e95a7f4f864af32559c7441492f,19352cd97aa1be8f5964222ec8623460119c66faad066b94d8177d9a5d80502e,47d8070d5f0772bfbb329edf796a10e4fd914d1e31d953e0d824f8c1978c644d,0f243aeac8ac6cf26f0417285b0bd33ac47f1b5bdb719fd3e0df37d03ea37110
Burkina Faso,BFA,21712297.547360696,0.0,0.0,0.0,0.0,0.0,0.0,0.0,0.0,0.0,0.0,0.0,0.0,0.0,0.0,0.0,0.0,0.0,0.0,0.0,0.0,0.0,0.0,0.0,,,2026-05-14T20:06:33Z,624b94488266d3215f02635aa4a8c389118991810bfacb2806a1b71e6f1722f9,e56c94395e212c577036af0c3acea5e2b4c4c1b9b18cf35c56c534a38c612656,157e568c1214c031894fa0cb1f540966b0bd59e4df9f629778a6bfd2e725ee09,7599fd9b747484d48a7d6a5d7c770a93aff83e95a7f4f864af32559c7441492f,19352cd97aa1be8f5964222ec8623460119c66faad066b94d8177d9a5d80502e,47d8070d5f0772bfbb329edf796a10e4fd914d1e31d953e0d824f8c1978c644d,0f243aeac8ac6cf26f0417285b0bd33ac47f1b5bdb719fd3e0df37d03ea37110
Burundi,BDI,11820698.431018248,0.0,0.0,0.0,0.0,0.0,0.0,0.0,0.0,0.0,0.0,0.0,0.0,0.0,0.0,0.0,0.0,0.0,0.0,0.0,0.0,0.0,0.0,0.0,,,2026-05-14T20:06:33Z,624b94488266d3215f02635aa4a8c389118991810bfacb2806a1b71e6f1722f9,e56c94395e212c577036af0c3acea5e2b4c4c1b9b18cf35c56c534a38c612656,157e568c1214c031894fa0cb1f540966b0bd59e4df9f629778a6bfd2e725ee09,7599fd9b747484d48a7d6a5d7c770a93aff83e95a7f4f864af32559c7441492f,19352cd97aa1be8f5964222ec8623460119c66faad066b94d8177d9a5d80502e,47d8070d5f0772bfbb329edf796a10e4fd914d1e31d953e0d824f8c1978c644d,0f243aeac8ac6cf26f0417285b0bd33ac47f1b5bdb719fd3e0df37d03ea37110
Cameroon,CMR,26275362.3481979,0.0,0.0,0.0,0.0,0.0,0.0,0.0,0.0,0.0,0.0,0.0,0.0,0.0,0.0,0.0,0.0,0.0,0.0,0.0,0.0,0.0,0.0,0.0,,,2026-05-14T20:06:33Z,624b94488266d3215f02635aa4a8c389118991810bfacb2806a1b71e6f1722f9,e56c94395e212c577036af0c3acea5e2b4c4c1b9b18cf35c56c534a38c612656,157e568c1214c031894fa0cb1f540966b0bd59e4df9f629778a6bfd2e725ee09,7599fd9b747484d48a7d6a5d7c770a93aff83e95a7f4f864af32559c7441492f,19352cd97aa1be8f5964222ec8623460119c66faad066b94d8177d9a5d80502e,47d8070d5f0772bfbb329edf796a10e4fd914d1e31d953e0d824f8c1978c644d,0f243aeac8ac6cf26f0417285b0bd33ac47f1b5bdb719fd3e0df37d03ea37110
Central African Republic,CAF,5713914.532906569,0.0,0.0,0.0,0.0,0.0,0.0,0.0,0.0,0.0,0.0,0.0,0.0,0.0,0.0,0.0,0.0,0.0,0.0,0.0,0.0,0.0,0.0,0.0,,,2026-05-14T20:06:33Z,624b94488266d3215f02635aa4a8c389118991810bfacb2806a1b71e6f1722f9,e56c94395e212c577036af0c3acea5e2b4c4c1b9b18cf35c56c534a38c612656,157e568c1214c031894fa0cb1f540966b0bd59e4df9f629778a6bfd2e725ee09,7599fd9b747484d48a7d6a5d7c770a93aff83e95a7f4f864af32559c7441492f,19352cd97aa1be8f5964222ec8623460119c66faad066b94d8177d9a5d80502e,47d8070d5f0772bfbb329edf796a10e4fd914d1e31d953e0d824f8c1978c644d,0f243aeac8ac6cf26f0417285b0bd33ac47f1b5bdb719fd3e0df37d03ea37110
Chad,TCD,17029148.203861244,0.0,0.0,0.0,0.0,0.0,0.0,0.0,0.0,0.0,0.0,0.0,0.0,0.0,0.0,0.0,0.0,0.0,0.0,0.0,0.0,0.0,0.0,0.0,,,2026-05-14T20:06:33Z,624b94488266d3215f02635aa4a8c389118991810bfacb2806a1b71e6f1722f9,e56c94395e212c577036af0c3acea5e2b4c4c1b9b18cf35c56c534a38c612656,157e568c1214c031894fa0cb1f540966b0bd59e4df9f629778a6bfd2e725ee09,7599fd9b747484d48a7d6a5d7c770a93aff83e95a7f4f864af32559c7441492f,19352cd97aa1be8f5964222ec8623460119c66faad066b94d8177d9a5d80502e,47d8070d5f0772bfbb329edf796a10e4fd914d1e31d953e0d824f8c1978c644d,0f243aeac8ac6cf26f0417285b0bd33ac47f1b5bdb719fd3e0df37d03ea37110
Costa Rica,CRI,5094977.89398,0.0,0.0,0.0,0.0,0.0,0.0,0.0,0.0,0.0,0.0,0.0,0.0,0.0,0.0,0.0,0.0,0.0,0.0,0.0,0.0,0.0,0.0,0.0,,,2026-05-14T20:06:33Z,624b94488266d3215f02635aa4a8c389118991810bfacb2806a1b71e6f1722f9,e56c94395e212c577036af0c3acea5e2b4c4c1b9b18cf35c56c534a38c612656,157e568c1214c031894fa0cb1f540966b0bd59e4df9f629778a6bfd2e725ee09,7599fd9b747484d48a7d6a5d7c770a93aff83e95a7f4f864af32559c7441492f,19352cd97aa1be8f5964222ec8623460119c66faad066b94d8177d9a5d80502e,47d8070d5f0772bfbb329edf796a10e4fd914d1e31d953e0d824f8c1978c644d,0f243aeac8ac6cf26f0417285b0bd33ac47f1b5bdb719fd3e0df37d03ea37110
Cuba,CUB,10906750.951206606,0.0,0.0,0.0,0.0,0.0,0.0,0.0,0.0,0.0,0.0,0.0,0.0,0.0,0.0,0.0,0.0,0.0,0.0,0.0,0.0,0.0,0.0,0.0,,,2026-05-14T20:06:33Z,624b94488266d3215f02635aa4a8c389118991810bfacb2806a1b71e6f1722f9,e56c94395e212c577036af0c3acea5e2b4c4c1b9b18cf35c56c534a38c612656,157e568c1214c031894fa0cb1f540966b0bd59e4df9f629778a6bfd2e725ee09,7599fd9b747484d48a7d6a5d7c770a93aff83e95a7f4f864af32559c7441492f,19352cd97aa1be8f5964222ec8623460119c66faad066b94d8177d9a5d80502e,47d8070d5f0772bfbb329edf796a10e4fd914d1e31d953e0d824f8c1978c644d,0f243aeac8ac6cf26f0417285b0bd33ac47f1b5bdb719fd3e0df37d03ea37110
Cyprus,CYP,776820.3359628203,0.0,0.0,0.0,0.0,0.0,0.0,0.0,0.0,0.0,0.0,0.0,0.0,0.0,0.0,0.0,0.0,0.0,0.0,0.0,0.0,0.0,0.0,0.0,,,2026-05-14T20:06:33Z,624b94488266d3215f02635aa4a8c389118991810bfacb2806a1b71e6f1722f9,e56c94395e212c577036af0c3acea5e2b4c4c1b9b18cf35c56c534a38c612656,157e568c1214c031894fa0cb1f540966b0bd59e4df9f629778a6bfd2e725ee09,7599fd9b747484d48a7d6a5d7c770a93aff83e95a7f4f864af32559c7441492f,19352cd97aa1be8f5964222ec8623460119c66faad066b94d8177d9a5d80502e,47d8070d5f0772bfbb329edf796a10e4fd914d1e31d953e0d824f8c1978c644d,0f243aeac8ac6cf26f0417285b0bd33ac47f1b5bdb719fd3e0df37d03ea37110
Djibouti,DJI,264903.6279146373,0.0,0.0,0.0,0.0,0.0,0.0,0.0,0.0,0.0,0.0,0.0,0.0,0.0,0.0,0.0,0.0,0.0,0.0,0.0,0.0,0.0,0.0,0.0,,,2026-05-14T20:06:33Z,624b94488266d3215f02635aa4a8c389118991810bfacb2806a1b71e6f1722f9,e56c94395e212c577036af0c3acea5e2b4c4c1b9b18cf35c56c534a38c612656,157e568c1214c031894fa0cb1f540966b0bd59e4df9f629778a6bfd2e725ee09,7599fd9b747484d48a7d6a5d7c770a93aff83e95a7f4f864af32559c7441492f,19352cd97aa1be8f5964222ec8623460119c66faad066b94d8177d9a5d80502e,47d8070d5f0772bfbb329edf796a10e4fd914d1e31d953e0d824f8c1978c644d,0f243aeac8ac6cf26f0417285b0bd33ac47f1b5bdb719fd3e0df37d03ea37110
Dominican Republic,DOM,10752161.077061206,0.0,0.0,0.0,0.0,0.0,0.0,0.0,0.0,0.0,0.0,0.0,0.0,0.0,0.0,0.0,0.0,0.0,0.0,0.0,0.0,0.0,0.0,0.0,,,2026-05-14T20:06:33Z,624b94488266d3215f02635aa4a8c389118991810bfacb2806a1b71e6f1722f9,e56c94395e212c577036af0c3acea5e2b4c4c1b9b18cf35c56c534a38c612656,157e568c1214c031894fa0cb1f540966b0bd59e4df9f629778a6bfd2e725ee09,7599fd9b747484d48a7d6a5d7c770a93aff83e95a7f4f864af32559c7441492f,19352cd97aa1be8f5964222ec8623460119c66faad066b94d8177d9a5d80502e,47d8070d5f0772bfbb329edf796a10e4fd914d1e31d953e0d824f8c1978c644d,0f243aeac8ac6cf26f0417285b0bd33ac47f1b5bdb719fd3e0df37d03ea37110
East Timor,TLS,1204289.5105915428,0.0,0.0,0.0,0.0,0.0,0.0,0.0,0.0,0.0,0.0,0.0,0.0,0.0,0.0,0.0,0.0,0.0,0.0,0.0,0.0,0.0,0.0,0.0,,,2026-05-14T20:06:33Z,624b94488266d3215f02635aa4a8c389118991810bfacb2806a1b71e6f1722f9,e56c94395e212c577036af0c3acea5e2b4c4c1b9b18cf35c56c534a38c612656,157e568c1214c031894fa0cb1f540966b0bd59e4df9f629778a6bfd2e725ee09,7599fd9b747484d48a7d6a5d7c770a93aff83e95a7f4f864af32559c7441492f,19352cd97aa1be8f5964222ec8623460119c66faad066b94d8177d9a5d80502e,47d8070d5f0772bfbb329edf796a10e4fd914d1e31d953e0d824f8c1978c644d,0f243aeac8ac6cf26f0417285b0bd33ac47f1b5bdb719fd3e0df37d03ea37110
Ecuador,ECU,17146267.489681732,0.0,0.0,0.0,0.0,0.0,0.0,0.0,0.0,0.0,0.0,0.0,0.0,0.0,0.0,0.0,0.0,0.0,0.0,0.0,0.0,0.0,0.0,0.0,,,2026-05-14T20:06:33Z,624b94488266d3215f02635aa4a8c389118991810bfacb2806a1b71e6f1722f9,e56c94395e212c577036af0c3acea5e2b4c4c1b9b18cf35c56c534a38c612656,157e568c1214c031894fa0cb1f540966b0bd59e4df9f629778a6bfd2e725ee09,7599fd9b747484d48a7d6a5d7c770a93aff83e95a7f4f864af32559c7441492f,19352cd97aa1be8f5964222ec8623460119c66faad066b94d8177d9a5d80502e,47d8070d5f0772bfbb329edf796a10e4fd914d1e31d953e0d824f8c1978c644d,0f243aeac8ac6cf26f0417285b0bd33ac47f1b5bdb719fd3e0df37d03ea37110
Egypt,EGY,103829577.70326462,0.0,0.0,0.0,0.0,0.0,0.0,0.0,0.0,0.0,0.0,0.0,0.0,0.0,0.0,0.0,0.0,0.0,0.0,0.0,0.0,0.0,0.0,0.0,,,2026-05-14T20:06:33Z,624b94488266d3215f02635aa4a8c389118991810bfacb2806a1b71e6f1722f9,e56c94395e212c577036af0c3acea5e2b4c4c1b9b18cf35c56c534a38c612656,157e568c1214c031894fa0cb1f540966b0bd59e4df9f629778a6bfd2e725ee09,7599fd9b747484d48a7d6a5d7c770a93aff83e95a7f4f864af32559c7441492f,19352cd97aa1be8f5964222ec8623460119c66faad066b94d8177d9a5d80502e,47d8070d5f0772bfbb329edf796a10e4fd914d1e31d953e0d824f8c1978c644d,0f243aeac8ac6cf26f0417285b0bd33ac47f1b5bdb719fd3e0df37d03ea37110
El Salvador,SLV,6273252.882352456,0.0,0.0,0.0,0.0,0.0,0.0,0.0,0.0,0.0,0.0,0.0,0.0,0.0,0.0,0.0,0.0,0.0,0.0,0.0,0.0,0.0,0.0,0.0,,,2026-05-14T20:06:33Z,624b94488266d3215f02635aa4a8c389118991810bfacb2806a1b71e6f1722f9,e56c94395e212c577036af0c3acea5e2b4c4c1b9b18cf35c56c534a38c612656,157e568c1214c031894fa0cb1f540966b0bd59e4df9f629778a6bfd2e725ee09,7599fd9b747484d48a7d6a5d7c770a93aff83e95a7f4f864af32559c7441492f,19352cd97aa1be8f5964222ec8623460119c66faad066b94d8177d9a5d80502e,47d8070d5f0772bfbb329edf796a10e4fd914d1e31d953e0d824f8c1978c644d,0f243aeac8ac6cf26f0417285b0bd33ac47f1b5bdb719fd3e0df37d03ea37110
Equatorial Guinea,GNQ,889582.7831433855,0.0,0.0,0.0,0.0,0.0,0.0,0.0,0.0,0.0,0.0,0.0,0.0,0.0,0.0,0.0,0.0,0.0,0.0,0.0,0.0,0.0,0.0,0.0,,,2026-05-14T20:06:33Z,624b94488266d3215f02635aa4a8c389118991810bfacb2806a1b71e6f1722f9,e56c94395e212c577036af0c3acea5e2b4c4c1b9b18cf35c56c534a38c612656,157e568c1214c031894fa0cb1f540966b0bd59e4df9f629778a6bfd2e725ee09,7599fd9b747484d48a7d6a5d7c770a93aff83e95a7f4f864af32559c7441492f,19352cd97aa1be8f5964222ec8623460119c66faad066b94d8177d9a5d80502e,47d8070d5f0772bfbb329edf796a10e4fd914d1e31d953e0d824f8c1978c644d,0f243aeac8ac6cf26f0417285b0bd33ac47f1b5bdb719fd3e0df37d03ea37110
Falkland Islands,FLK,800.5244470625184,0.0,0.0,0.0,0.0,0.0,0.0,0.0,0.0,0.0,0.0,0.0,0.0,0.0,0.0,0.0,0.0,0.0,0.0,0.0,0.0,0.0,0.0,0.0,,,2026-05-14T20:06:33Z,624b94488266d3215f02635aa4a8c389118991810bfacb2806a1b71e6f1722f9,e56c94395e212c577036af0c3acea5e2b4c4c1b9b18cf35c56c534a38c612656,157e568c1214c031894fa0cb1f540966b0bd59e4df9f629778a6bfd2e725ee09,7599fd9b747484d48a7d6a5d7c770a93aff83e95a7f4f864af32559c7441492f,19352cd97aa1be8f5964222ec8623460119c66faad066b94d8177d9a5d80502e,47d8070d5f0772bfbb329edf796a10e4fd914d1e31d953e0d824f8c1978c644d,0f243aeac8ac6cf26f0417285b0bd33ac47f1b5bdb719fd3e0df37d03ea37110
Fiji,FJI,787324.0368933347,0.0,0.0,0.0,0.0,0.0,0.0,0.0,0.0,0.0,0.0,0.0,0.0,0.0,0.0,0.0,0.0,0.0,0.0,0.0,0.0,0.0,0.0,0.0,,,2026-05-14T20:06:33Z,624b94488266d3215f02635aa4a8c389118991810bfacb2806a1b71e6f1722f9,e56c94395e212c577036af0c3acea5e2b4c4c1b9b18cf35c56c534a38c612656,157e568c1214c031894fa0cb1f540966b0bd59e4df9f629778a6bfd2e725ee09,7599fd9b747484d48a7d6a5d7c770a93aff83e95a7f4f864af32559c7441492f,19352cd97aa1be8f5964222ec8623460119c66faad066b94d8177d9a5d80502e,47d8070d5f0772bfbb329edf796a10e4fd914d1e31d953e0d824f8c1978c644d,0f243aeac8ac6cf26f0417285b0bd33ac47f1b5bdb719fd3e0df37d03ea37110
French Southern and Antarctic Lands,ATF,0.0,0.0,,0.0,0.0,,0.0,0.0,,0.0,0.0,0.0,0.0,0.0,0.0,0.0,0.0,0.0,0.0,0.0,0.0,0.0,0.0,0.0,,,2026-05-14T20:06:33Z,624b94488266d3215f02635aa4a8c389118991810bfacb2806a1b71e6f1722f9,e56c94395e212c577036af0c3acea5e2b4c4c1b9b18cf35c56c534a38c612656,157e568c1214c031894fa0cb1f540966b0bd59e4df9f629778a6bfd2e725ee09,7599fd9b747484d48a7d6a5d7c770a93aff83e95a7f4f864af32559c7441492f,19352cd97aa1be8f5964222ec8623460119c66faad066b94d8177d9a5d80502e,47d8070d5f0772bfbb329edf796a10e4fd914d1e31d953e0d824f8c1978c644d,0f243aeac8ac6cf26f0417285b0bd33ac47f1b5bdb719fd3e0df37d03ea37110
Gambia,GMB,2638455.586775223,0.0,0.0,0.0,0.0,0.0,0.0,0.0,0.0,0.0,0.0,0.0,0.0,0.0,0.0,0.0,0.0,0.0,0.0,0.0,0.0,0.0,0.0,0.0,,,2026-05-14T20:06:33Z,624b94488266d3215f02635aa4a8c389118991810bfacb2806a1b71e6f1722f9,e56c94395e212c577036af0c3acea5e2b4c4c1b9b18cf35c56c534a38c612656,157e568c1214c031894fa0cb1f540966b0bd59e4df9f629778a6bfd2e725ee09,7599fd9b747484d48a7d6a5d7c770a93aff83e95a7f4f864af32559c7441492f,19352cd97aa1be8f5964222ec8623460119c66faad066b94d8177d9a5d80502e,47d8070d5f0772bfbb329edf796a10e4fd914d1e31d953e0d824f8c1978c644d,0f243aeac8ac6cf26f0417285b0bd33ac47f1b5bdb719fd3e0df37d03ea37110
Georgia,GEO,3789735.481892181,0.0,0.0,0.0,0.0,0.0,39.0,0.0,0.0,39.0,0.0,0.0,0.0,0.0,0.0,0.0,0.0,0.0,0.0,0.0,0.0,0.0,0.0,0.0,,,2026-05-14T20:06:33Z,624b94488266d3215f02635aa4a8c389118991810bfacb2806a1b71e6f1722f9,e56c94395e212c577036af0c3acea5e2b4c4c1b9b18cf35c56c534a38c612656,157e568c1214c031894fa0cb1f540966b0bd59e4df9f629778a6bfd2e725ee09,7599fd9b747484d48a7d6a5d7c770a93aff83e95a7f4f864af32559c7441492f,19352cd97aa1be8f5964222ec8623460119c66faad066b94d8177d9a5d80502e,47d8070d5f0772bfbb329edf796a10e4fd914d1e31d953e0d824f8c1978c644d,0f243aeac8ac6cf26f0417285b0bd33ac47f1b5bdb719fd3e0df37d03ea37110
Ghana,GHA,31557766.584149968,0.0,0.0,0.0,0.0,0.0,0.0,0.0,0.0,0.0,0.0,0.0,0.0,0.0,0.0,0.0,0.0,0.0,0.0,0.0,0.0,0.0,0.0,0.0,,,2026-05-14T20:06:33Z,624b94488266d3215f02635aa4a8c389118991810bfacb2806a1b71e6f1722f9,e56c94395e212c577036af0c3acea5e2b4c4c1b9b18cf35c56c534a38c612656,157e568c1214c031894fa0cb1f540966b0bd59e4df9f629778a6bfd2e725ee09,7599fd9b747484d48a7d6a5d7c770a93aff83e95a7f4f864af32559c7441492f,19352cd97aa1be8f5964222ec8623460119c66faad066b94d8177d9a5d80502e,47d8070d5f0772bfbb329edf796a10e4fd914d1e31d953e0d824f8c1978c644d,0f243aeac8ac6cf26f0417285b0bd33ac47f1b5bdb719fd3e0df37d03ea37110
Greenland,GRL,24776.53218182789,0.0,0.0,0.0,0.0,0.0,0.0,0.0,0.0,0.0,0.0,0.0,0.0,0.0,0.0,0.0,0.0,0.0,0.0,0.0,0.0,0.0,0.0,0.0,,,2026-05-14T20:06:33Z,624b94488266d3215f02635aa4a8c389118991810bfacb2806a1b71e6f1722f9,e56c94395e212c577036af0c3acea5e2b4c4c1b9b18cf35c56c534a38c612656,157e568c1214c031894fa0cb1f540966b0bd59e4df9f629778a6bfd2e725ee09,7599fd9b747484d48a7d6a5d7c770a93aff83e95a7f4f864af32559c7441492f,19352cd97aa1be8f5964222ec8623460119c66faad066b94d8177d9a5d80502e,47d8070d5f0772bfbb329edf796a10e4fd914d1e31d953e0d824f8c1978c644d,0f243aeac8ac6cf26f0417285b0bd33ac47f1b5bdb719fd3e0df37d03ea37110
Guinea-Bissau,GNB,2007169.8093695142,0.0,0.0,0.0,0.0,0.0,0.0,0.0,0.0,0.0,0.0,0.0,0.0,0.0,0.0,0.0,0.0,0.0,0.0,0.0,0.0,0.0,0.0,0.0,,,2026-05-14T20:06:33Z,624b94488266d3215f02635aa4a8c389118991810bfacb2806a1b71e6f1722f9,e56c94395e212c577036af0c3acea5e2b4c4c1b9b18cf35c56c534a38c612656,157e568c1214c031894fa0cb1f540966b0bd59e4df9f629778a6bfd2e725ee09,7599fd9b747484d48a7d6a5d7c770a93aff83e95a7f4f864af32559c7441492f,19352cd97aa1be8f5964222ec8623460119c66faad066b94d8177d9a5d80502e,47d8070d5f0772bfbb329edf796a10e4fd914d1e31d953e0d824f8c1978c644d,0f243aeac8ac6cf26f0417285b0bd33ac47f1b5bdb719fd3e0df37d03ea37110
Guyana,GUY,493373.0424993099,0.0,0.0,0.0,0.0,0.0,0.0,0.0,0.0,0.0,0.0,0.0,0.0,0.0,0.0,0.0,0.0,0.0,0.0,0.0,0.0,0.0,0.0,0.0,,,2026-05-14T20:06:33Z,624b94488266d3215f02635aa4a8c389118991810bfacb2806a1b71e6f1722f9,e56c94395e212c577036af0c3acea5e2b4c4c1b9b18cf35c56c534a38c612656,157e568c1214c031894fa0cb1f540966b0bd59e4df9f629778a6bfd2e725ee09,7599fd9b747484d48a7d6a5d7c770a93aff83e95a7f4f864af32559c7441492f,19352cd97aa1be8f5964222ec8623460119c66faad066b94d8177d9a5d80502e,47d8070d5f0772bfbb329edf796a10e4fd914d1e31d953e0d824f8c1978c644d,0f243aeac8ac6cf26f0417285b0bd33ac47f1b5bdb719fd3e0df37d03ea37110
Haiti,HTI,10200712.651259135,0.0,0.0,0.0,0.0,0.0,0.0,0.0,0.0,0.0,0.0,0.0,0.0,0.0,0.0,0.0,0.0,0.0,0.0,0.0,0.0,0.0,0.0,0.0,,,2026-05-14T20:06:33Z,624b94488266d3215f02635aa4a8c389118991810bfacb2806a1b71e6f1722f9,e56c94395e212c577036af0c3acea5e2b4c4c1b9b18cf35c56c534a38c612656,157e568c1214c031894fa0cb1f540966b0bd59e4df9f629778a6bfd2e725ee09,7599fd9b747484d48a7d6a5d7c770a93aff83e95a7f4f864af32559c7441492f,19352cd97aa1be8f5964222ec8623460119c66faad066b94d8177d9a5d80502e,47d8070d5f0772bfbb329edf796a10e4fd914d1e31d953e0d824f8c1978c644d,0f243aeac8ac6cf26f0417285b0bd33ac47f1b5bdb719fd3e0df37d03ea37110
Iceland,ISL,342187.13599586184,0.0,0.0,0.0,0.0,0.0,0.0,0.0,0.0,0.0,0.0,0.0,0.0,0.0,0.0,0.0,0.0,0.0,0.0,0.0,0.0,0.0,0.0,0.0,,,2026-05-14T20:06:33Z,624b94488266d3215f02635aa4a8c389118991810bfacb2806a1b71e6f1722f9,e56c94395e212c577036af0c3acea5e2b4c4c1b9b18cf35c56c534a38c612656,157e568c1214c031894fa0cb1f540966b0bd59e4df9f629778a6bfd2e725ee09,7599fd9b747484d48a7d6a5d7c770a93aff83e95a7f4f864af32559c7441492f,19352cd97aa1be8f5964222ec8623460119c66faad066b94d8177d9a5d80502e,47d8070d5f0772bfbb329edf796a10e4fd914d1e31d953e0d824f8c1978c644d,0f243aeac8ac6cf26f0417285b0bd33ac47f1b5bdb719fd3e0df37d03ea37110
Iraq,IRQ,42777384.97681774,0.0,0.0,0.0,0.0,0.0,0.0,0.0,0.0,0.0,0.0,0.0,0.0,0.0,0.0,0.0,0.0,0.0,0.0,0.0,0.0,0.0,0.0,0.0,,,2026-05-14T20:06:33Z,624b94488266d3215f02635aa4a8c389118991810bfacb2806a1b71e6f1722f9,e56c94395e212c577036af0c3acea5e2b4c4c1b9b18cf35c56c534a38c612656,157e568c1214c031894fa0cb1f540966b0bd59e4df9f629778a6bfd2e725ee09,7599fd9b747484d48a7d6a5d7c770a93aff83e95a7f4f864af32559c7441492f,19352cd97aa1be8f5964222ec8623460119c66faad066b94d8177d9a5d80502e,47d8070d5f0772bfbb329edf796a10e4fd914d1e31d953e0d824f8c1978c644d,0f243aeac8ac6cf26f0417285b0bd33ac47f1b5bdb719fd3e0df37d03ea37110
Ireland,IRL,4419288.168198343,0.0,0.0,0.0,0.0,0.0,0.0,0.0,0.0,0.0,0.0,0.0,0.0,0.0,0.0,0.0,0.0,0.0,0.0,0.0,0.0,0.0,0.0,0.0,,,2026-05-14T20:06:33Z,624b94488266d3215f02635aa4a8c389118991810bfacb2806a1b71e6f1722f9,e56c94395e212c577036af0c3acea5e2b4c4c1b9b18cf35c56c534a38c612656,157e568c1214c031894fa0cb1f540966b0bd59e4df9f629778a6bfd2e725ee09,7599fd9b747484d48a7d6a5d7c770a93aff83e95a7f4f864af32559c7441492f,19352cd97aa1be8f5964222ec8623460119c66faad066b94d8177d9a5d80502e,47d8070d5f0772bfbb329edf796a10e4fd914d1e31d953e0d824f8c1978c644d,0f243aeac8ac6cf26f0417285b0bd33ac47f1b5bdb719fd3e0df37d03ea37110
Israel,ISR,8339688.8575509135,0.0,0.0,0.0,0.0,0.0,0.0,0.0,0.0,0.0,0.0,0.0,0.0,0.0,0.0,0.0,0.0,0.0,0.0,0.0,0.0,0.0,0.0,0.0,,,2026-05-14T20:06:33Z,624b94488266d3215f02635aa4a8c389118991810bfacb2806a1b71e6f1722f9,e56c94395e212c577036af0c3acea5e2b4c4c1b9b18cf35c56c534a38c612656,157e568c1214c031894fa0cb1f540966b0bd59e4df9f629778a6bfd2e725ee09,7599fd9b747484d48a7d6a5d7c770a93aff83e95a7f4f864af32559c7441492f,19352cd97aa1be8f5964222ec8623460119c66faad066b94d8177d9a5d80502e,47d8070d5f0772bfbb329edf796a10e4fd914d1e31d953e0d824f8c1978c644d,0f243aeac8ac6cf26f0417285b0bd33ac47f1b5bdb719fd3e0df37d03ea37110
Ivory Coast,CIV,26978113.469719935,0.0,0.0,0.0,0.0,0.0,0.0,0.0,0.0,0.0,0.0,0.0,0.0,0.0,0.0,0.0,0.0,0.0,0.0,0.0,0.0,0.0,0.0,0.0,,,2026-05-14T20:06:33Z,624b94488266d3215f02635aa4a8c389118991810bfacb2806a1b71e6f1722f9,e56c94395e212c577036af0c3acea5e2b4c4c1b9b18cf35c56c534a38c612656,157e568c1214c031894fa0cb1f540966b0bd59e4df9f629778a6bfd2e725ee09,7599fd9b747484d48a7d6a5d7c770a93aff83e95a7f4f864af32559c7441492f,19352cd97aa1be8f5964222ec8623460119c66faad066b94d8177d9a5d80502e,47d8070d5f0772bfbb329edf796a10e4fd914d1e31d953e0d824f8c1978c644d,0f243aeac8ac6cf26f0417285b0bd33ac47f1b5bdb719fd3e0df37d03ea37110
Jamaica,JAM,2720999.386013486,0.0,0.0,0.0,0.0,0.0,0.0,0.0,0.0,0.0,0.0,0.0,0.0,0.0,0.0,0.0,0.0,0.0,0.0,0.0,0.0,0.0,0.0,0.0,,,2026-05-14T20:06:33Z,624b94488266d3215f02635aa4a8c389118991810bfacb2806a1b71e6f1722f9,e56c94395e212c577036af0c3acea5e2b4c4c1b9b18cf35c56c534a38c612656,157e568c1214c031894fa0cb1f540966b0bd59e4df9f629778a6bfd2e725ee09,7599fd9b747484d48a7d6a5d7c770a93aff83e95a7f4f864af32559c7441492f,19352cd97aa1be8f5964222ec8623460119c66faad066b94d8177d9a5d80502e,47d8070d5f0772bfbb329edf796a10e4fd914d1e31d953e0d824f8c1978c644d,0f243aeac8ac6cf26f0417285b0bd33ac47f1b5bdb719fd3e0df37d03ea37110
Jordan,JOR,10802549.056174312,0.0,0.0,0.0,0.0,0.0,0.0,0.0,0.0,0.0,0.0,0.0,0.0,0.0,0.0,0.0,0.0,0.0,0.0,0.0,0.0,0.0,0.0,0.0,,,2026-05-14T20:06:33Z,624b94488266d3215f02635aa4a8c389118991810bfacb2806a1b71e6f1722f9,e56c94395e212c577036af0c3acea5e2b4c4c1b9b18cf35c56c534a38c612656,157e568c1214c031894fa0cb1f540966b0bd59e4df9f629778a6bfd2e725ee09,7599fd9b747484d48a7d6a5d7c770a93aff83e95a7f4f864af32559c7441492f,19352cd97aa1be8f5964222ec8623460119c66faad066b94d8177d9a5d80502e,47d8070d5f0772bfbb329edf796a10e4fd914d1e31d953e0d824f8c1978c644d,0f243aeac8ac6cf26f0417285b0bd33ac47f1b5bdb719fd3e0df37d03ea37110
Kuwait,KWT,4329722.4372664755,0.0,0.0,0.0,0.0,0.0,0.0,0.0,0.0,0.0,0.0,0.0,0.0,0.0,0.0,0.0,0.0,0.0,0.0,0.0,0.0,0.0,0.0,0.0,,,2026-05-14T20:06:33Z,624b94488266d3215f02635aa4a8c389118991810bfacb2806a1b71e6f1722f9,e56c94395e212c577036af0c3acea5e2b4c4c1b9b18cf35c56c534a38c612656,157e568c1214c031894fa0cb1f540966b0bd59e4df9f629778a6bfd2e725ee09,7599fd9b747484d48a7d6a5d7c770a93aff83e95a7f4f864af32559c7441492f,19352cd97aa1be8f5964222ec8623460119c66faad066b94d8177d9a5d80502e,47d8070d5f0772bfbb329edf796a10e4fd914d1e31d953e0d824f8c1978c644d,0f243aeac8ac6cf26f0417285b0bd33ac47f1b5bdb719fd3e0df37d03ea37110
Lebanon,LBN,5111300.009615121,0.0,0.0,0.0,0.0,0.0,0.0,0.0,0.0,0.0,0.0,0.0,0.0,0.0,0.0,0.0,0.0,0.0,0.0,0.0,0.0,0.0,0.0,0.0,,,2026-05-14T20:06:33Z,624b94488266d3215f02635aa4a8c389118991810bfacb2806a1b71e6f1722f9,e56c94395e212c577036af0c3acea5e2b4c4c1b9b18cf35c56c534a38c612656,157e568c1214c031894fa0cb1f540966b0bd59e4df9f629778a6bfd2e725ee09,7599fd9b747484d48a7d6a5d7c770a93aff83e95a7f4f864af32559c7441492f,19352cd97aa1be8f5964222ec8623460119c66faad066b94d8177d9a5d80502e,47d8070d5f0772bfbb329edf796a10e4fd914d1e31d953e0d824f8c1978c644d,0f243aeac8ac6cf26f0417285b0bd33ac47f1b5bdb719fd3e0df37d03ea37110
Lesotho,LSO,1999697.999544429,0.0,0.0,0.0,0.0,0.0,0.0,0.0,0.0,0.0,0.0,0.0,0.0,0.0,0.0,0.0,0.0,0.0,0.0,0.0,0.0,0.0,0.0,0.0,,,2026-05-14T20:06:33Z,624b94488266d3215f02635aa4a8c389118991810bfacb2806a1b71e6f1722f9,e56c94395e212c577036af0c3acea5e2b4c4c1b9b18cf35c56c534a38c612656,157e568c1214c031894fa0cb1f540966b0bd59e4df9f629778a6bfd2e725ee09,7599fd9b747484d48a7d6a5d7c770a93aff83e95a7f4f864af32559c7441492f,19352cd97aa1be8f5964222ec8623460119c66faad066b94d8177d9a5d80502e,47d8070d5f0772bfbb329edf796a10e4fd914d1e31d953e0d824f8c1978c644d,0f243aeac8ac6cf26f0417285b0bd33ac47f1b5bdb719fd3e0df37d03ea37110
Liberia,LBR,4874765.784269703,0.0,0.0,0.0,0.0,0.0,0.0,0.0,0.0,0.0,0.0,0.0,0.0,0.0,0.0,0.0,0.0,0.0,0.0,0.0,0.0,0.0,0.0,0.0,,,2026-05-14T20:06:33Z,624b94488266d3215f02635aa4a8c389118991810bfacb2806a1b71e6f1722f9,e56c94395e212c577036af0c3acea5e2b4c4c1b9b18cf35c56c534a38c612656,157e568c1214c031894fa0cb1f540966b0bd59e4df9f629778a6bfd2e725ee09,7599fd9b747484d48a7d6a5d7c770a93aff83e95a7f4f864af32559c7441492f,19352cd97aa1be8f5964222ec8623460119c66faad066b94d8177d9a5d80502e,47d8070d5f0772bfbb329edf796a10e4fd914d1e31d953e0d824f8c1978c644d,0f243aeac8ac6cf26f0417285b0bd33ac47f1b5bdb719fd3e0df37d03ea37110
Libya,LBY,5161170.7274268605,0.0,0.0,0.0,0.0,0.0,0.0,0.0,0.0,0.0,0.0,0.0,0.0,0.0,0.0,0.0,0.0,0.0,0.0,0.0,0.0,0.0,0.0,0.0,,,2026-05-14T20:06:33Z,624b94488266d3215f02635aa4a8c389118991810bfacb2806a1b71e6f1722f9,e56c94395e212c577036af0c3acea5e2b4c4c1b9b18cf35c56c534a38c612656,157e568c1214c031894fa0cb1f540966b0bd59e4df9f629778a6bfd2e725ee09,7599fd9b747484d48a7d6a5d7c770a93aff83e95a7f4f864af32559c7441492f,19352cd97aa1be8f5964222ec8623460119c66faad066b94d8177d9a5d80502e,47d8070d5f0772bfbb329edf796a10e4fd914d1e31d953e0d824f8c1978c644d,0f243aeac8ac6cf26f0417285b0bd33ac47f1b5bdb719fd3e0df37d03ea37110
Malawi,MWI,19028345.63041817,0.0,0.0,0.0,0.0,0.0,0.0,0.0,0.0,0.0,0.0,0.0,0.0,0.0,0.0,0.0,0.0,0.0,0.0,0.0,0.0,0.0,0.0,0.0,,,2026-05-14T20:06:33Z,624b94488266d3215f02635aa4a8c389118991810bfacb2806a1b71e6f1722f9,e56c94395e212c577036af0c3acea5e2b4c4c1b9b18cf35c56c534a38c612656,157e568c1214c031894fa0cb1f540966b0bd59e4df9f629778a6bfd2e725ee09,7599fd9b747484d48a7d6a5d7c770a93aff83e95a7f4f864af32559c7441492f,19352cd97aa1be8f5964222ec8623460119c66faad066b94d8177d9a5d80502e,47d8070d5f0772bfbb329edf796a10e4fd914d1e31d953e0d824f8c1978c644d,0f243aeac8ac6cf26f0417285b0bd33ac47f1b5bdb719fd3e0df37d03ea37110
Mauritania,MRT,4731808.068997744,0.0,0.0,0.0,0.0,0.0,0.0,0.0,0.0,0.0,0.0,0.0,0.0,0.0,0.0,0.0,0.0,0.0,0.0,0.0,0.0,0.0,0.0,0.0,,,2026-05-14T20:06:33Z,624b94488266d3215f02635aa4a8c389118991810bfacb2806a1b71e6f1722f9,e56c94395e212c577036af0c3acea5e2b4c4c1b9b18cf35c56c534a38c612656,157e568c1214c031894fa0cb1f540966b0bd59e4df9f629778a6bfd2e725ee09,7599fd9b747484d48a7d6a5d7c770a93aff83e95a7f4f864af32559c7441492f,19352cd97aa1be8f5964222ec8623460119c66faad066b94d8177d9a5d80502e,47d8070d5f0772bfbb329edf796a10e4fd914d1e31d953e0d824f8c1978c644d,0f243aeac8ac6cf26f0417285b0bd33ac47f1b5bdb719fd3e0df37d03ea37110
Moldova,MDA,2945630.3526093154,0.0,0.0,0.0,0.0,0.0,0.0,0.0,0.0,0.0,0.0,0.0,0.0,0.0,0.0,0.0,0.0,0.0,0.0,0.0,0.0,0.0,0.0,0.0,,,2026-05-14T20:06:33Z,624b94488266d3215f02635aa4a8c389118991810bfacb2806a1b71e6f1722f9,e56c94395e212c577036af0c3acea5e2b4c4c1b9b18cf35c56c534a38c612656,157e568c1214c031894fa0cb1f540966b0bd59e4df9f629778a6bfd2e725ee09,7599fd9b747484d48a7d6a5d7c770a93aff83e95a7f4f864af32559c7441492f,19352cd97aa1be8f5964222ec8623460119c66faad066b94d8177d9a5d80502e,47d8070d5f0772bfbb329edf796a10e4fd914d1e31d953e0d824f8c1978c644d,0f243aeac8ac6cf26f0417285b0bd33ac47f1b5bdb719fd3e0df37d03ea37110
Montenegro,MNE,596076.0492100748,0.0,0.0,0.0,0.0,0.0,0.0,0.0,0.0,0.0,0.0,0.0,0.0,0.0,0.0,0.0,0.0,0.0,0.0,0.0,0.0,0.0,0.0,0.0,,,2026-05-14T20:06:33Z,624b94488266d3215f02635aa4a8c389118991810bfacb2806a1b71e6f1722f9,e56c94395e212c577036af0c3acea5e2b4c4c1b9b18cf35c56c534a38c612656,157e568c1214c031894fa0cb1f540966b0bd59e4df9f629778a6bfd2e725ee09,7599fd9b747484d48a7d6a5d7c770a93aff83e95a7f4f864af32559c7441492f,19352cd97aa1be8f5964222ec8623460119c66faad066b94d8177d9a5d80502e,47d8070d5f0772bfbb329edf796a10e4fd914d1e31d953e0d824f8c1978c644d,0f243aeac8ac6cf26f0417285b0bd33ac47f1b5bdb719fd3e0df37d03ea37110
Morocco,MAR,36244817.524777606,0.0,0.0,0.0,0.0,0.0,0.0,0.0,0.0,0.0,0.0,0.0,0.0,0.0,0.0,0.0,0.0,0.0,0.0,0.0,0.0,0.0,0.0,0.0,,,2026-05-14T20:06:33Z,624b94488266d3215f02635aa4a8c389118991810bfacb2806a1b71e6f1722f9,e56c94395e212c577036af0c3acea5e2b4c4c1b9b18cf35c56c534a38c612656,157e568c1214c031894fa0cb1f540966b0bd59e4df9f629778a6bfd2e725ee09,7599fd9b747484d48a7d6a5d7c770a93aff83e95a7f4f864af32559c7441492f,19352cd97aa1be8f5964222ec8623460119c66faad066b94d8177d9a5d80502e,47d8070d5f0772bfbb329edf796a10e4fd914d1e31d953e0d824f8c1978c644d,0f243aeac8ac6cf26f0417285b0bd33ac47f1b5bdb719fd3e0df37d03ea37110
Mozambique,MOZ,31161788.10673298,0.0,0.0,0.0,0.0,0.0,0.0,0.0,0.0,0.0,0.0,0.0,0.0,0.0,0.0,0.0,0.0,0.0,0.0,0.0,0.0,0.0,0.0,0.0,,,2026-05-14T20:06:33Z,624b94488266d3215f02635aa4a8c389118991810bfacb2806a1b71e6f1722f9,e56c94395e212c577036af0c3acea5e2b4c4c1b9b18cf35c56c534a38c612656,157e568c1214c031894fa0cb1f540966b0bd59e4df9f629778a6bfd2e725ee09,7599fd9b747484d48a7d6a5d7c770a93aff83e95a7f4f864af32559c7441492f,19352cd97aa1be8f5964222ec8623460119c66faad066b94d8177d9a5d80502e,47d8070d5f0772bfbb329edf796a10e4fd914d1e31d953e0d824f8c1978c644d,0f243aeac8ac6cf26f0417285b0bd33ac47f1b5bdb719fd3e0df37d03ea37110
Namibia,NAM,2708487.831416796,0.0,0.0,0.0,0.0,0.0,0.0,0.0,0.0,0.0,0.0,0.0,0.0,0.0,0.0,0.0,0.0,0.0,0.0,0.0,0.0,0.0,0.0,0.0,,,2026-05-14T20:06:33Z,624b94488266d3215f02635aa4a8c389118991810bfacb2806a1b71e6f1722f9,e56c94395e212c577036af0c3acea5e2b4c4c1b9b18cf35c56c534a38c612656,157e568c1214c031894fa0cb1f540966b0bd59e4df9f629778a6bfd2e725ee09,7599fd9b747484d48a7d6a5d7c770a93aff83e95a7f4f864af32559c7441492f,19352cd97aa1be8f5964222ec8623460119c66faad066b94d8177d9a5d80502e,47d8070d5f0772bfbb329edf796a10e4fd914d1e31d953e0d824f8c1978c644d,0f243aeac8ac6cf26f0417285b0bd33ac47f1b5bdb719fd3e0df37d03ea37110
New Caledonia,NCL,201783.96720244712,0.0,0.0,0.0,0.0,0.0,0.0,0.0,0.0,0.0,0.0,0.0,0.0,0.0,0.0,0.0,0.0,0.0,0.0,0.0,0.0,0.0,0.0,0.0,,,2026-05-14T20:06:33Z,624b94488266d3215f02635aa4a8c389118991810bfacb2806a1b71e6f1722f9,e56c94395e212c577036af0c3acea5e2b4c4c1b9b18cf35c56c534a38c612656,157e568c1214c031894fa0cb1f540966b0bd59e4df9f629778a6bfd2e725ee09,7599fd9b747484d48a7d6a5d7c770a93aff83e95a7f4f864af32559c7441492f,19352cd97aa1be8f5964222ec8623460119c66faad066b94d8177d9a5d80502e,47d8070d5f0772bfbb329edf796a10e4fd914d1e31d953e0d824f8c1978c644d,0f243aeac8ac6cf26f0417285b0bd33ac47f1b5bdb719fd3e0df37d03ea37110
New Zealand,NZL,4956336.535085772,0.0,0.0,0.0,0.0,0.0,0.0,0.0,0.0,0.0,0.0,0.0,0.0,0.0,0.0,0.0,0.0,0.0,0.0,0.0,0.0,0.0,0.0,0.0,,,2026-05-14T20:06:33Z,624b94488266d3215f02635aa4a8c389118991810bfacb2806a1b71e6f1722f9,e56c94395e212c577036af0c3acea5e2b4c4c1b9b18cf35c56c534a38c612656,157e568c1214c031894fa0cb1f540966b0bd59e4df9f629778a6bfd2e725ee09,7599fd9b747484d48a7d6a5d7c770a93aff83e95a7f4f864af32559c7441492f,19352cd97aa1be8f5964222ec8623460119c66faad066b94d8177d9a5d80502e,47d8070d5f0772bfbb329edf796a10e4fd914d1e31d953e0d824f8c1978c644d,0f243aeac8ac6cf26f0417285b0bd33ac47f1b5bdb719fd3e0df37d03ea37110
Nicaragua,NIC,6697253.378307022,0.0,0.0,0.0,0.0,0.0,0.0,0.0,0.0,0.0,0.0,0.0,0.0,0.0,0.0,0.0,0.0,0.0,0.0,0.0,0.0,0.0,0.0,0.0,,,2026-05-14T20:06:33Z,624b94488266d3215f02635aa4a8c389118991810bfacb2806a1b71e6f1722f9,e56c94395e212c577036af0c3acea5e2b4c4c1b9b18cf35c56c534a38c612656,157e568c1214c031894fa0cb1f540966b0bd59e4df9f629778a6bfd2e725ee09,7599fd9b747484d48a7d6a5d7c770a93aff83e95a7f4f864af32559c7441492f,19352cd97aa1be8f5964222ec8623460119c66faad066b94d8177d9a5d80502e,47d8070d5f0772bfbb329edf796a10e4fd914d1e31d953e0d824f8c1978c644d,0f243aeac8ac6cf26f0417285b0bd33ac47f1b5bdb719fd3e0df37d03ea37110
Niger,NER,24775984.09280178,0.0,0.0,0.0,0.0,0.0,0.0,0.0,0.0,0.0,0.0,0.0,0.0,0.0,0.0,0.0,0.0,0.0,0.0,0.0,0.0,0.0,0.0,0.0,,,2026-05-14T20:06:33Z,624b94488266d3215f02635aa4a8c389118991810bfacb2806a1b71e6f1722f9,e56c94395e212c577036af0c3acea5e2b4c4c1b9b18cf35c56c534a38c612656,157e568c1214c031894fa0cb1f540966b0bd59e4df9f629778a6bfd2e725ee09,7599fd9b747484d48a7d6a5d7c770a93aff83e95a7f4f864af32559c7441492f,19352cd97aa1be8f5964222ec8623460119c66faad066b94d8177d9a5d80502e,47d8070d5f0772bfbb329edf796a10e4fd914d1e31d953e0d824f8c1978c644d,0f243aeac8ac6cf26f0417285b0bd33ac47f1b5bdb719fd3e0df37d03ea37110
Nigeria,NGA,207050626.69492558,0.0,0.0,0.0,0.0,0.0,0.0,0.0,0.0,0.0,0.0,0.0,0.0,0.0,0.0,0.0,0.0,0.0,0.0,0.0,0.0,0.0,0.0,0.0,,,2026-05-14T20:06:33Z,624b94488266d3215f02635aa4a8c389118991810bfacb2806a1b71e6f1722f9,e56c94395e212c577036af0c3acea5e2b4c4c1b9b18cf35c56c534a38c612656,157e568c1214c031894fa0cb1f540966b0bd59e4df9f629778a6bfd2e725ee09,7599fd9b747484d48a7d6a5d7c770a93aff83e95a7f4f864af32559c7441492f,19352cd97aa1be8f5964222ec8623460119c66faad066b94d8177d9a5d80502e,47d8070d5f0772bfbb329edf796a10e4fd914d1e31d953e0d824f8c1978c644d,0f243aeac8ac6cf26f0417285b0bd33ac47f1b5bdb719fd3e0df37d03ea37110
North Macedonia,MKD,2122042.4481258392,0.0,0.0,0.0,0.0,0.0,0.0,0.0,0.0,0.0,0.0,0.0,0.0,0.0,0.0,0.0,0.0,0.0,0.0,0.0,0.0,0.0,0.0,0.0,,,2026-05-14T20:06:33Z,624b94488266d3215f02635aa4a8c389118991810bfacb2806a1b71e6f1722f9,e56c94395e212c577036af0c3acea5e2b4c4c1b9b18cf35c56c534a38c612656,157e568c1214c031894fa0cb1f540966b0bd59e4df9f629778a6bfd2e725ee09,7599fd9b747484d48a7d6a5d7c770a93aff83e95a7f4f864af32559c7441492f,19352cd97aa1be8f5964222ec8623460119c66faad066b94d8177d9a5d80502e,47d8070d5f0772bfbb329edf796a10e4fd914d1e31d953e0d824f8c1978c644d,0f243aeac8ac6cf26f0417285b0bd33ac47f1b5bdb719fd3e0df37d03ea37110
Northern Cyprus,CYN,377015.34009289753,0.0,0.0,0.0,0.0,0.0,0.0,0.0,0.0,0.0,0.0,0.0,0.0,0.0,0.0,0.0,0.0,0.0,0.0,0.0,0.0,0.0,0.0,0.0,,,2026-05-14T20:06:33Z,624b94488266d3215f02635aa4a8c389118991810bfacb2806a1b71e6f1722f9,e56c94395e212c577036af0c3acea5e2b4c4c1b9b18cf35c56c534a38c612656,157e568c1214c031894fa0cb1f540966b0bd59e4df9f629778a6bfd2e725ee09,7599fd9b747484d48a7d6a5d7c770a93aff83e95a7f4f864af32559c7441492f,19352cd97aa1be8f5964222ec8623460119c66faad066b94d8177d9a5d80502e,47d8070d5f0772bfbb329edf796a10e4fd914d1e31d953e0d824f8c1978c644d,0f243aeac8ac6cf26f0417285b0bd33ac47f1b5bdb719fd3e0df37d03ea37110
Oman,OMN,4511610.983906146,0.0,0.0,0.0,0.0,0.0,0.0,0.0,0.0,0.0,0.0,0.0,0.0,0.0,0.0,0.0,0.0,0.0,0.0,0.0,0.0,0.0,0.0,0.0,,,2026-05-14T20:06:33Z,624b94488266d3215f02635aa4a8c389118991810bfacb2806a1b71e6f1722f9,e56c94395e212c577036af0c3acea5e2b4c4c1b9b18cf35c56c534a38c612656,157e568c1214c031894fa0cb1f540966b0bd59e4df9f629778a6bfd2e725ee09,7599fd9b747484d48a7d6a5d7c770a93aff83e95a7f4f864af32559c7441492f,19352cd97aa1be8f5964222ec8623460119c66faad066b94d8177d9a5d80502e,47d8070d5f0772bfbb329edf796a10e4fd914d1e31d953e0d824f8c1978c644d,0f243aeac8ac6cf26f0417285b0bd33ac47f1b5bdb719fd3e0df37d03ea37110
Palestine,PSE,3715381.6359221004,0.0,0.0,0.0,0.0,0.0,0.0,0.0,0.0,0.0,0.0,0.0,0.0,0.0,0.0,0.0,0.0,0.0,0.0,0.0,0.0,0.0,0.0,0.0,,,2026-05-14T20:06:33Z,624b94488266d3215f02635aa4a8c389118991810bfacb2806a1b71e6f1722f9,e56c94395e212c577036af0c3acea5e2b4c4c1b9b18cf35c56c534a38c612656,157e568c1214c031894fa0cb1f540966b0bd59e4df9f629778a6bfd2e725ee09,7599fd9b747484d48a7d6a5d7c770a93aff83e95a7f4f864af32559c7441492f,19352cd97aa1be8f5964222ec8623460119c66faad066b94d8177d9a5d80502e,47d8070d5f0772bfbb329edf796a10e4fd914d1e31d953e0d824f8c1978c644d,0f243aeac8ac6cf26f0417285b0bd33ac47f1b5bdb719fd3e0df37d03ea37110
Papua New Guinea,PNG,8776929.172311751,0.0,0.0,0.0,0.0,0.0,0.0,0.0,0.0,0.0,0.0,0.0,0.0,0.0,0.0,0.0,0.0,0.0,0.0,0.0,0.0,0.0,0.0,0.0,,,2026-05-14T20:06:33Z,624b94488266d3215f02635aa4a8c389118991810bfacb2806a1b71e6f1722f9,e56c94395e212c577036af0c3acea5e2b4c4c1b9b18cf35c56c534a38c612656,157e568c1214c031894fa0cb1f540966b0bd59e4df9f629778a6bfd2e725ee09,7599fd9b747484d48a7d6a5d7c770a93aff83e95a7f4f864af32559c7441492f,19352cd97aa1be8f5964222ec8623460119c66faad066b94d8177d9a5d80502e,47d8070d5f0772bfbb329edf796a10e4fd914d1e31d953e0d824f8c1978c644d,0f243aeac8ac6cf26f0417285b0bd33ac47f1b5bdb719fd3e0df37d03ea37110
Philippines,PHL,96761271.14993565,0.0,0.0,0.0,0.0,0.0,0.0,0.0,0.0,0.0,0.0,0.0,0.0,0.0,0.0,0.0,0.0,0.0,0.0,0.0,0.0,0.0,0.0,0.0,,,2026-05-14T20:06:33Z,624b94488266d3215f02635aa4a8c389118991810bfacb2806a1b71e6f1722f9,e56c94395e212c577036af0c3acea5e2b4c4c1b9b18cf35c56c534a38c612656,157e568c1214c031894fa0cb1f540966b0bd59e4df9f629778a6bfd2e725ee09,7599fd9b747484d48a7d6a5d7c770a93aff83e95a7f4f864af32559c7441492f,19352cd97aa1be8f5964222ec8623460119c66faad066b94d8177d9a5d80502e,47d8070d5f0772bfbb329edf796a10e4fd914d1e31d953e0d824f8c1978c644d,0f243aeac8ac6cf26f0417285b0bd33ac47f1b5bdb719fd3e0df37d03ea37110
Portugal,PRT,9826935.771631943,0.0,0.0,0.0,0.0,0.0,0.0,0.0,0.0,0.0,0.0,0.0,0.0,0.0,0.0,0.0,0.0,0.0,0.0,0.0,0.0,0.0,0.0,0.0,,,2026-05-14T20:06:33Z,624b94488266d3215f02635aa4a8c389118991810bfacb2806a1b71e6f1722f9,e56c94395e212c577036af0c3acea5e2b4c4c1b9b18cf35c56c534a38c612656,157e568c1214c031894fa0cb1f540966b0bd59e4df9f629778a6bfd2e725ee09,7599fd9b747484d48a7d6a5d7c770a93aff83e95a7f4f864af32559c7441492f,19352cd97aa1be8f5964222ec8623460119c66faad066b94d8177d9a5d80502e,47d8070d5f0772bfbb329edf796a10e4fd914d1e31d953e0d824f8c1978c644d,0f243aeac8ac6cf26f0417285b0bd33ac47f1b5bdb719fd3e0df37d03ea37110
Puerto Rico,PRI,3154274.487797642,0.0,0.0,0.0,0.0,0.0,0.0,0.0,0.0,0.0,0.0,0.0,0.0,0.0,0.0,0.0,0.0,0.0,0.0,0.0,0.0,0.0,0.0,0.0,,,2026-05-14T20:06:33Z,624b94488266d3215f02635aa4a8c389118991810bfacb2806a1b71e6f1722f9,e56c94395e212c577036af0c3acea5e2b4c4c1b9b18cf35c56c534a38c612656,157e568c1214c031894fa0cb1f540966b0bd59e4df9f629778a6bfd2e725ee09,7599fd9b747484d48a7d6a5d7c770a93aff83e95a7f4f864af32559c7441492f,19352cd97aa1be8f5964222ec8623460119c66faad066b94d8177d9a5d80502e,47d8070d5f0772bfbb329edf796a10e4fd914d1e31d953e0d824f8c1978c644d,0f243aeac8ac6cf26f0417285b0bd33ac47f1b5bdb719fd3e0df37d03ea37110
Qatar,QAT,2484911.0498973364,0.0,0.0,0.0,0.0,0.0,0.0,0.0,0.0,0.0,0.0,0.0,0.0,0.0,0.0,0.0,0.0,0.0,0.0,0.0,0.0,0.0,0.0,0.0,,,2026-05-14T20:06:33Z,624b94488266d3215f02635aa4a8c389118991810bfacb2806a1b71e6f1722f9,e56c94395e212c577036af0c3acea5e2b4c4c1b9b18cf35c56c534a38c612656,157e568c1214c031894fa0cb1f540966b0bd59e4df9f629778a6bfd2e725ee09,7599fd9b747484d48a7d6a5d7c770a93aff83e95a7f4f864af32559c7441492f,19352cd97aa1be8f5964222ec8623460119c66faad066b94d8177d9a5d80502e,47d8070d5f0772bfbb329edf796a10e4fd914d1e31d953e0d824f8c1978c644d,0f243aeac8ac6cf26f0417285b0bd33ac47f1b5bdb719fd3e0df37d03ea37110
Republic of the Congo,COG,4118355.608408276,0.0,0.0,0.0,0.0,0.0,0.0,0.0,0.0,0.0,0.0,0.0,0.0,0.0,0.0,0.0,0.0,0.0,0.0,0.0,0.0,0.0,0.0,0.0,,,2026-05-14T20:06:33Z,624b94488266d3215f02635aa4a8c389118991810bfacb2806a1b71e6f1722f9,e56c94395e212c577036af0c3acea5e2b4c4c1b9b18cf35c56c534a38c612656,157e568c1214c031894fa0cb1f540966b0bd59e4df9f629778a6bfd2e725ee09,7599fd9b747484d48a7d6a5d7c770a93aff83e95a7f4f864af32559c7441492f,19352cd97aa1be8f5964222ec8623460119c66faad066b94d8177d9a5d80502e,47d8070d5f0772bfbb329edf796a10e4fd914d1e31d953e0d824f8c1978c644d,0f243aeac8ac6cf26f0417285b0bd33ac47f1b5bdb719fd3e0df37d03ea37110
Rwanda,RWA,12241005.783047793,0.0,0.0,0.0,0.0,0.0,0.0,0.0,0.0,0.0,0.0,0.0,0.0,0.0,0.0,0.0,0.0,0.0,0.0,0.0,0.0,0.0,0.0,0.0,,,2026-05-14T20:06:33Z,624b94488266d3215f02635aa4a8c389118991810bfacb2806a1b71e6f1722f9,e56c94395e212c577036af0c3acea5e2b4c4c1b9b18cf35c56c534a38c612656,157e568c1214c031894fa0cb1f540966b0bd59e4df9f629778a6bfd2e725ee09,7599fd9b747484d48a7d6a5d7c770a93aff83e95a7f4f864af32559c7441492f,19352cd97aa1be8f5964222ec8623460119c66faad066b94d8177d9a5d80502e,47d8070d5f0772bfbb329edf796a10e4fd914d1e31d953e0d824f8c1978c644d,0f243aeac8ac6cf26f0417285b0bd33ac47f1b5bdb719fd3e0df37d03ea37110
Saudi Arabia,SAU,35366534.05254105,0.0,0.0,0.0,0.0,0.0,0.0,0.0,0.0,0.0,0.0,0.0,0.0,0.0,0.0,0.0,0.0,0.0,0.0,0.0,0.0,0.0,0.0,0.0,,,2026-05-14T20:06:33Z,624b94488266d3215f02635aa4a8c389118991810bfacb2806a1b71e6f1722f9,e56c94395e212c577036af0c3acea5e2b4c4c1b9b18cf35c56c534a38c612656,157e568c1214c031894fa0cb1f540966b0bd59e4df9f629778a6bfd2e725ee09,7599fd9b747484d48a7d6a5d7c770a93aff83e95a7f4f864af32559c7441492f,19352cd97aa1be8f5964222ec8623460119c66faad066b94d8177d9a5d80502e,47d8070d5f0772bfbb329edf796a10e4fd914d1e31d953e0d824f8c1978c644d,0f243aeac8ac6cf26f0417285b0bd33ac47f1b5bdb719fd3e0df37d03ea37110
Solomon Islands,SLB,400450.1530328826,0.0,0.0,0.0,0.0,0.0,0.0,0.0,0.0,0.0,0.0,0.0,0.0,0.0,0.0,0.0,0.0,0.0,0.0,0.0,0.0,0.0,0.0,0.0,,,2026-05-14T20:06:33Z,624b94488266d3215f02635aa4a8c389118991810bfacb2806a1b71e6f1722f9,e56c94395e212c577036af0c3acea5e2b4c4c1b9b18cf35c56c534a38c612656,157e568c1214c031894fa0cb1f540966b0bd59e4df9f629778a6bfd2e725ee09,7599fd9b747484d48a7d6a5d7c770a93aff83e95a7f4f864af32559c7441492f,19352cd97aa1be8f5964222ec8623460119c66faad066b94d8177d9a5d80502e,47d8070d5f0772bfbb329edf796a10e4fd914d1e31d953e0d824f8c1978c644d,0f243aeac8ac6cf26f0417285b0bd33ac47f1b5bdb719fd3e0df37d03ea37110
Somalia,SOM,12957473.982312452,0.0,0.0,0.0,0.0,0.0,0.0,0.0,0.0,0.0,0.0,0.0,0.0,0.0,0.0,0.0,0.0,0.0,0.0,0.0,0.0,0.0,0.0,0.0,,,2026-05-14T20:06:33Z,624b94488266d3215f02635aa4a8c389118991810bfacb2806a1b71e6f1722f9,e56c94395e212c577036af0c3acea5e2b4c4c1b9b18cf35c56c534a38c612656,157e568c1214c031894fa0cb1f540966b0bd59e4df9f629778a6bfd2e725ee09,7599fd9b747484d48a7d6a5d7c770a93aff83e95a7f4f864af32559c7441492f,19352cd97aa1be8f5964222ec8623460119c66faad066b94d8177d9a5d80502e,47d8070d5f0772bfbb329edf796a10e4fd914d1e31d953e0d824f8c1978c644d,0f243aeac8ac6cf26f0417285b0bd33ac47f1b5bdb719fd3e0df37d03ea37110
Somaliland,SOL,4103560.7512610704,0.0,0.0,0.0,0.0,0.0,0.0,0.0,0.0,0.0,0.0,0.0,0.0,0.0,0.0,0.0,0.0,0.0,0.0,0.0,0.0,0.0,0.0,0.0,,,2026-05-14T20:06:33Z,624b94488266d3215f02635aa4a8c389118991810bfacb2806a1b71e6f1722f9,e56c94395e212c577036af0c3acea5e2b4c4c1b9b18cf35c56c534a38c612656,157e568c1214c031894fa0cb1f540966b0bd59e4df9f629778a6bfd2e725ee09,7599fd9b747484d48a7d6a5d7c770a93aff83e95a7f4f864af32559c7441492f,19352cd97aa1be8f5964222ec8623460119c66faad066b94d8177d9a5d80502e,47d8070d5f0772bfbb329edf796a10e4fd914d1e31d953e0d824f8c1978c644d,0f243aeac8ac6cf26f0417285b0bd33ac47f1b5bdb719fd3e0df37d03ea37110
South Africa,ZAF,55466176.602403075,0.0,0.0,0.0,0.0,0.0,0.0,0.0,0.0,0.0,0.0,0.0,0.0,0.0,0.0,0.0,0.0,0.0,0.0,0.0,0.0,0.0,0.0,0.0,,,2026-05-14T20:06:33Z,624b94488266d3215f02635aa4a8c389118991810bfacb2806a1b71e6f1722f9,e56c94395e212c577036af0c3acea5e2b4c4c1b9b18cf35c56c534a38c612656,157e568c1214c031894fa0cb1f540966b0bd59e4df9f629778a6bfd2e725ee09,7599fd9b747484d48a7d6a5d7c770a93aff83e95a7f4f864af32559c7441492f,19352cd97aa1be8f5964222ec8623460119c66faad066b94d8177d9a5d80502e,47d8070d5f0772bfbb329edf796a10e4fd914d1e31d953e0d824f8c1978c644d,0f243aeac8ac6cf26f0417285b0bd33ac47f1b5bdb719fd3e0df37d03ea37110
South Sudan,SSD,10041623.994369745,0.0,0.0,0.0,0.0,0.0,0.0,0.0,0.0,0.0,0.0,0.0,0.0,0.0,0.0,0.0,0.0,0.0,0.0,0.0,0.0,0.0,0.0,0.0,,,2026-05-14T20:06:33Z,624b94488266d3215f02635aa4a8c389118991810bfacb2806a1b71e6f1722f9,e56c94395e212c577036af0c3acea5e2b4c4c1b9b18cf35c56c534a38c612656,157e568c1214c031894fa0cb1f540966b0bd59e4df9f629778a6bfd2e725ee09,7599fd9b747484d48a7d6a5d7c770a93aff83e95a7f4f864af32559c7441492f,19352cd97aa1be8f5964222ec8623460119c66faad066b94d8177d9a5d80502e,47d8070d5f0772bfbb329edf796a10e4fd914d1e31d953e0d824f8c1978c644d,0f243aeac8ac6cf26f0417285b0bd33ac47f1b5bdb719fd3e0df37d03ea37110
Sudan,SDN,43769350.17176134,0.0,0.0,0.0,0.0,0.0,0.0,0.0,0.0,0.0,0.0,0.0,0.0,0.0,0.0,0.0,0.0,0.0,0.0,0.0,0.0,0.0,0.0,0.0,,,2026-05-14T20:06:33Z,624b94488266d3215f02635aa4a8c389118991810bfacb2806a1b71e6f1722f9,e56c94395e212c577036af0c3acea5e2b4c4c1b9b18cf35c56c534a38c612656,157e568c1214c031894fa0cb1f540966b0bd59e4df9f629778a6bfd2e725ee09,7599fd9b747484d48a7d6a5d7c770a93aff83e95a7f4f864af32559c7441492f,19352cd97aa1be8f5964222ec8623460119c66faad066b94d8177d9a5d80502e,47d8070d5f0772bfbb329edf796a10e4fd914d1e31d953e0d824f8c1978c644d,0f243aeac8ac6cf26f0417285b0bd33ac47f1b5bdb719fd3e0df37d03ea37110
Suriname,SUR,621248.9943722002,0.0,0.0,0.0,0.0,0.0,0.0,0.0,0.0,0.0,0.0,0.0,0.0,0.0,0.0,0.0,0.0,0.0,0.0,0.0,0.0,0.0,0.0,0.0,,,2026-05-14T20:06:33Z,624b94488266d3215f02635aa4a8c389118991810bfacb2806a1b71e6f1722f9,e56c94395e212c577036af0c3acea5e2b4c4c1b9b18cf35c56c534a38c612656,157e568c1214c031894fa0cb1f540966b0bd59e4df9f629778a6bfd2e725ee09,7599fd9b747484d48a7d6a5d7c770a93aff83e95a7f4f864af32559c7441492f,19352cd97aa1be8f5964222ec8623460119c66faad066b94d8177d9a5d80502e,47d8070d5f0772bfbb329edf796a10e4fd914d1e31d953e0d824f8c1978c644d,0f243aeac8ac6cf26f0417285b0bd33ac47f1b5bdb719fd3e0df37d03ea37110
Syria,SYR,19943504.421349823,0.0,0.0,0.0,0.0,0.0,0.0,0.0,0.0,0.0,0.0,0.0,0.0,0.0,0.0,0.0,0.0,0.0,0.0,0.0,0.0,0.0,0.0,0.0,,,2026-05-14T20:06:33Z,624b94488266d3215f02635aa4a8c389118991810bfacb2806a1b71e6f1722f9,e56c94395e212c577036af0c3acea5e2b4c4c1b9b18cf35c56c534a38c612656,157e568c1214c031894fa0cb1f540966b0bd59e4df9f629778a6bfd2e725ee09,7599fd9b747484d48a7d6a5d7c770a93aff83e95a7f4f864af32559c7441492f,19352cd97aa1be8f5964222ec8623460119c66faad066b94d8177d9a5d80502e,47d8070d5f0772bfbb329edf796a10e4fd914d1e31d953e0d824f8c1978c644d,0f243aeac8ac6cf26f0417285b0bd33ac47f1b5bdb719fd3e0df37d03ea37110
The Bahamas,BHS,67509.30563763622,0.0,0.0,0.0,0.0,0.0,0.0,0.0,0.0,0.0,0.0,0.0,0.0,0.0,0.0,0.0,0.0,0.0,0.0,0.0,0.0,0.0,0.0,0.0,,,2026-05-14T20:06:33Z,624b94488266d3215f02635aa4a8c389118991810bfacb2806a1b71e6f1722f9,e56c94395e212c577036af0c3acea5e2b4c4c1b9b18cf35c56c534a38c612656,157e568c1214c031894fa0cb1f540966b0bd59e4df9f629778a6bfd2e725ee09,7599fd9b747484d48a7d6a5d7c770a93aff83e95a7f4f864af32559c7441492f,19352cd97aa1be8f5964222ec8623460119c66faad066b94d8177d9a5d80502e,47d8070d5f0772bfbb329edf796a10e4fd914d1e31d953e0d824f8c1978c644d,0f243aeac8ac6cf26f0417285b0bd33ac47f1b5bdb719fd3e0df37d03ea37110
Togo,TGO,8960270.571614828,0.0,0.0,0.0,0.0,0.0,0.0,0.0,0.0,0.0,0.0,0.0,0.0,0.0,0.0,0.0,0.0,0.0,0.0,0.0,0.0,0.0,0.0,0.0,,,2026-05-14T20:06:33Z,624b94488266d3215f02635aa4a8c389118991810bfacb2806a1b71e6f1722f9,e56c94395e212c577036af0c3acea5e2b4c4c1b9b18cf35c56c534a38c612656,157e568c1214c031894fa0cb1f540966b0bd59e4df9f629778a6bfd2e725ee09,7599fd9b747484d48a7d6a5d7c770a93aff83e95a7f4f864af32559c7441492f,19352cd97aa1be8f5964222ec8623460119c66faad066b94d8177d9a5d80502e,47d8070d5f0772bfbb329edf796a10e4fd914d1e31d953e0d824f8c1978c644d,0f243aeac8ac6cf26f0417285b0bd33ac47f1b5bdb719fd3e0df37d03ea37110
Trinidad and Tobago,TTO,1446460.218835854,0.0,0.0,0.0,0.0,0.0,0.0,0.0,0.0,0.0,0.0,0.0,0.0,0.0,0.0,0.0,0.0,0.0,0.0,0.0,0.0,0.0,0.0,0.0,,,2026-05-14T20:06:33Z,624b94488266d3215f02635aa4a8c389118991810bfacb2806a1b71e6f1722f9,e56c94395e212c577036af0c3acea5e2b4c4c1b9b18cf35c56c534a38c612656,157e568c1214c031894fa0cb1f540966b0bd59e4df9f629778a6bfd2e725ee09,7599fd9b747484d48a7d6a5d7c770a93aff83e95a7f4f864af32559c7441492f,19352cd97aa1be8f5964222ec8623460119c66faad066b94d8177d9a5d80502e,47d8070d5f0772bfbb329edf796a10e4fd914d1e31d953e0d824f8c1978c644d,0f243aeac8ac6cf26f0417285b0bd33ac47f1b5bdb719fd3e0df37d03ea37110
Tunisia,TUN,9899911.5188272,0.0,0.0,0.0,0.0,0.0,0.0,0.0,0.0,0.0,0.0,0.0,0.0,0.0,0.0,0.0,0.0,0.0,0.0,0.0,0.0,0.0,0.0,0.0,,,2026-05-14T20:06:33Z,624b94488266d3215f02635aa4a8c389118991810bfacb2806a1b71e6f1722f9,e56c94395e212c577036af0c3acea5e2b4c4c1b9b18cf35c56c534a38c612656,157e568c1214c031894fa0cb1f540966b0bd59e4df9f629778a6bfd2e725ee09,7599fd9b747484d48a7d6a5d7c770a93aff83e95a7f4f864af32559c7441492f,19352cd97aa1be8f5964222ec8623460119c66faad066b94d8177d9a5d80502e,47d8070d5f0772bfbb329edf796a10e4fd914d1e31d953e0d824f8c1978c644d,0f243aeac8ac6cf26f0417285b0bd33ac47f1b5bdb719fd3e0df37d03ea37110
Turkmenistan,TKM,6399412.2339632865,0.0,0.0,0.0,0.0,0.0,0.0,0.0,0.0,0.0,0.0,0.0,0.0,0.0,0.0,0.0,0.0,0.0,0.0,0.0,0.0,0.0,0.0,0.0,,,2026-05-14T20:06:33Z,624b94488266d3215f02635aa4a8c389118991810bfacb2806a1b71e6f1722f9,e56c94395e212c577036af0c3acea5e2b4c4c1b9b18cf35c56c534a38c612656,157e568c1214c031894fa0cb1f540966b0bd59e4df9f629778a6bfd2e725ee09,7599fd9b747484d48a7d6a5d7c770a93aff83e95a7f4f864af32559c7441492f,19352cd97aa1be8f5964222ec8623460119c66faad066b94d8177d9a5d80502e,47d8070d5f0772bfbb329edf796a10e4fd914d1e31d953e0d824f8c1978c644d,0f243aeac8ac6cf26f0417285b0bd33ac47f1b5bdb719fd3e0df37d03ea37110
Uganda,UGA,45701947.56062706,0.0,0.0,0.0,0.0,0.0,0.0,0.0,0.0,0.0,0.0,0.0,0.0,0.0,0.0,0.0,0.0,0.0,0.0,0.0,0.0,0.0,0.0,0.0,,,2026-05-14T20:06:33Z,624b94488266d3215f02635aa4a8c389118991810bfacb2806a1b71e6f1722f9,e56c94395e212c577036af0c3acea5e2b4c4c1b9b18cf35c56c534a38c612656,157e568c1214c031894fa0cb1f540966b0bd59e4df9f629778a6bfd2e725ee09,7599fd9b747484d48a7d6a5d7c770a93aff83e95a7f4f864af32559c7441492f,19352cd97aa1be8f5964222ec8623460119c66faad066b94d8177d9a5d80502e,47d8070d5f0772bfbb329edf796a10e4fd914d1e31d953e0d824f8c1978c644d,0f243aeac8ac6cf26f0417285b0bd33ac47f1b5bdb719fd3e0df37d03ea37110
United Arab Emirates,ARE,8782704.766068129,0.0,0.0,0.0,0.0,0.0,0.0,0.0,0.0,0.0,0.0,0.0,0.0,0.0,0.0,0.0,0.0,0.0,0.0,0.0,0.0,0.0,0.0,0.0,,,2026-05-14T20:06:33Z,624b94488266d3215f02635aa4a8c389118991810bfacb2806a1b71e6f1722f9,e56c94395e212c577036af0c3acea5e2b4c4c1b9b18cf35c56c534a38c612656,157e568c1214c031894fa0cb1f540966b0bd59e4df9f629778a6bfd2e725ee09,7599fd9b747484d48a7d6a5d7c770a93aff83e95a7f4f864af32559c7441492f,19352cd97aa1be8f5964222ec8623460119c66faad066b94d8177d9a5d80502e,47d8070d5f0772bfbb329edf796a10e4fd914d1e31d953e0d824f8c1978c644d,0f243aeac8ac6cf26f0417285b0bd33ac47f1b5bdb719fd3e0df37d03ea37110
Uzbekistan,UZB,33639822.85801731,0.0,0.0,0.0,0.0,0.0,0.0,0.0,0.0,0.0,0.0,0.0,0.0,0.0,0.0,0.0,0.0,0.0,0.0,0.0,0.0,0.0,0.0,0.0,,,2026-05-14T20:06:33Z,624b94488266d3215f02635aa4a8c389118991810bfacb2806a1b71e6f1722f9,e56c94395e212c577036af0c3acea5e2b4c4c1b9b18cf35c56c534a38c612656,157e568c1214c031894fa0cb1f540966b0bd59e4df9f629778a6bfd2e725ee09,7599fd9b747484d48a7d6a5d7c770a93aff83e95a7f4f864af32559c7441492f,19352cd97aa1be8f5964222ec8623460119c66faad066b94d8177d9a5d80502e,47d8070d5f0772bfbb329edf796a10e4fd914d1e31d953e0d824f8c1978c644d,0f243aeac8ac6cf26f0417285b0bd33ac47f1b5bdb719fd3e0df37d03ea37110
Vanuatu,VUT,67657.50000015699,0.0,0.0,0.0,0.0,0.0,0.0,0.0,0.0,0.0,0.0,0.0,0.0,0.0,0.0,0.0,0.0,0.0,0.0,0.0,0.0,0.0,0.0,0.0,,,2026-05-14T20:06:33Z,624b94488266d3215f02635aa4a8c389118991810bfacb2806a1b71e6f1722f9,e56c94395e212c577036af0c3acea5e2b4c4c1b9b18cf35c56c534a38c612656,157e568c1214c031894fa0cb1f540966b0bd59e4df9f629778a6bfd2e725ee09,7599fd9b747484d48a7d6a5d7c770a93aff83e95a7f4f864af32559c7441492f,19352cd97aa1be8f5964222ec8623460119c66faad066b94d8177d9a5d80502e,47d8070d5f0772bfbb329edf796a10e4fd914d1e31d953e0d824f8c1978c644d,0f243aeac8ac6cf26f0417285b0bd33ac47f1b5bdb719fd3e0df37d03ea37110
Western Sahara,ESH,3130.7766349165177,0.0,0.0,0.0,0.0,0.0,0.0,0.0,0.0,0.0,0.0,0.0,0.0,0.0,0.0,0.0,0.0,0.0,0.0,0.0,0.0,0.0,0.0,0.0,,,2026-05-14T20:06:33Z,624b94488266d3215f02635aa4a8c389118991810bfacb2806a1b71e6f1722f9,e56c94395e212c577036af0c3acea5e2b4c4c1b9b18cf35c56c534a38c612656,157e568c1214c031894fa0cb1f540966b0bd59e4df9f629778a6bfd2e725ee09,7599fd9b747484d48a7d6a5d7c770a93aff83e95a7f4f864af32559c7441492f,19352cd97aa1be8f5964222ec8623460119c66faad066b94d8177d9a5d80502e,47d8070d5f0772bfbb329edf796a10e4fd914d1e31d953e0d824f8c1978c644d,0f243aeac8ac6cf26f0417285b0bd33ac47f1b5bdb719fd3e0df37d03ea37110
Yemen,YEM,32066121.50995435,0.0,0.0,0.0,0.0,0.0,0.0,0.0,0.0,0.0,0.0,0.0,0.0,0.0,0.0,0.0,0.0,0.0,0.0,0.0,0.0,0.0,0.0,0.0,,,2026-05-14T20:06:33Z,624b94488266d3215f02635aa4a8c389118991810bfacb2806a1b71e6f1722f9,e56c94395e212c577036af0c3acea5e2b4c4c1b9b18cf35c56c534a38c612656,157e568c1214c031894fa0cb1f540966b0bd59e4df9f629778a6bfd2e725ee09,7599fd9b747484d48a7d6a5d7c770a93aff83e95a7f4f864af32559c7441492f,19352cd97aa1be8f5964222ec8623460119c66faad066b94d8177d9a5d80502e,47d8070d5f0772bfbb329edf796a10e4fd914d1e31d953e0d824f8c1978c644d,0f243aeac8ac6cf26f0417285b0bd33ac47f1b5bdb719fd3e0df37d03ea37110
Zambia,ZMB,19207427.5885344,0.0,0.0,0.0,0.0,0.0,0.0,0.0,0.0,0.0,0.0,0.0,0.0,0.0,0.0,0.0,0.0,0.0,0.0,0.0,0.0,0.0,0.0,0.0,,,2026-05-14T20:06:33Z,624b94488266d3215f02635aa4a8c389118991810bfacb2806a1b71e6f1722f9,e56c94395e212c577036af0c3acea5e2b4c4c1b9b18cf35c56c534a38c612656,157e568c1214c031894fa0cb1f540966b0bd59e4df9f629778a6bfd2e725ee09,7599fd9b747484d48a7d6a5d7c770a93aff83e95a7f4f864af32559c7441492f,19352cd97aa1be8f5964222ec8623460119c66faad066b94d8177d9a5d80502e,47d8070d5f0772bfbb329edf796a10e4fd914d1e31d953e0d824f8c1978c644d,0f243aeac8ac6cf26f0417285b0bd33ac47f1b5bdb719fd3e0df37d03ea37110
Zimbabwe,ZWE,15367701.916931175,0.0,0.0,0.0,0.0,0.0,0.0,0.0,0.0,0.0,0.0,0.0,0.0,0.0,0.0,0.0,0.0,0.0,0.0,0.0,0.0,0.0,0.0,0.0,,,2026-05-14T20:06:33Z,624b94488266d3215f02635aa4a8c389118991810bfacb2806a1b71e6f1722f9,e56c94395e212c577036af0c3acea5e2b4c4c1b9b18cf35c56c534a38c612656,157e568c1214c031894fa0cb1f540966b0bd59e4df9f629778a6bfd2e725ee09,7599fd9b747484d48a7d6a5d7c770a93aff83e95a7f4f864af32559c7441492f,19352cd97aa1be8f5964222ec8623460119c66faad066b94d8177d9a5d80502e,47d8070d5f0772bfbb329edf796a10e4fd914d1e31d953e0d824f8c1978c644d,0f243aeac8ac6cf26f0417285b0bd33ac47f1b5bdb719fd3e0df37d03ea37110
eSwatini,SWZ,1295113.6741878116,0.0,0.0,0.0,0.0,0.0,0.0,0.0,0.0,0.0,0.0,0.0,0.0,0.0,0.0,0.0,0.0,0.0,0.0,0.0,0.0,0.0,0.0,0.0,,,2026-05-14T20:06:33Z,624b94488266d3215f02635aa4a8c389118991810bfacb2806a1b71e6f1722f9,e56c94395e212c577036af0c3acea5e2b4c4c1b9b18cf35c56c534a38c612656,157e568c1214c031894fa0cb1f540966b0bd59e4df9f629778a6bfd2e725ee09,7599fd9b747484d48a7d6a5d7c770a93aff83e95a7f4f864af32559c7441492f,19352cd97aa1be8f5964222ec8623460119c66faad066b94d8177d9a5d80502e,47d8070d5f0772bfbb329edf796a10e4fd914d1e31d953e0d824f8c1978c644d,0f243aeac8ac6cf26f0417285b0bd33ac47f1b5bdb719fd3e0df37d03ea37110
